<ImportExportXml xmlns:xsi="http://www.w3.org/2001/XMLSchema-instance">
  <Entities>
    <Entity>
      <Name LocalizedName="AiBuilderModel" OriginalName="AiBuilderModel">admin_AiBuilderModel</Name>
      <EntityInfo>
        <entity Name="admin_AiBuilderModel">
          <attributes>
            <attribute PhysicalName="veh_CreditsConsumed">
              <Type>int</Type>
              <Name>veh_creditsconsumed</Name>
              <LogicalName>veh_creditsconsumed</LogicalName>
              <RequiredLevel>none</RequiredLevel>
              <DisplayMask>ValidForAdvancedFind|ValidForForm|ValidForGrid</DisplayMask>
              <ImeMode>disabled</ImeMode>
              <ValidForUpdateApi>1</ValidForUpdateApi>
              <ValidForReadApi>1</ValidForReadApi>
              <ValidForCreateApi>1</ValidForCreateApi>
              <IsCustomField>1</IsCustomField>
              <IsAuditEnabled>1</IsAuditEnabled>
              <IsSecured>0</IsSecured>
              <IntroducedVersion>1.0.0.1</IntroducedVersion>
              <IsCustomizable>1</IsCustomizable>
              <IsRenameable>1</IsRenameable>
              <CanModifySearchSettings>1</CanModifySearchSettings>
              <CanModifyRequirementLevelSettings>1</CanModifyRequirementLevelSettings>
              <CanModifyAdditionalSettings>1</CanModifyAdditionalSettings>
              <SourceType>0</SourceType>
              <IsGlobalFilterEnabled>0</IsGlobalFilterEnabled>
              <IsSortableEnabled>0</IsSortableEnabled>
              <CanModifyGlobalFilterSettings>1</CanModifyGlobalFilterSettings>
              <CanModifyIsSortableSettings>1</CanModifyIsSortableSettings>
              <IsDataSourceSecret>0</IsDataSourceSecret>
              <AutoNumberFormat></AutoNumberFormat>
              <IsSearchable>0</IsSearchable>
              <IsFilterable>0</IsFilterable>
              <IsRetrievable>0</IsRetrievable>
              <IsLocalizable>0</IsLocalizable>
              <Format>none</Format>
              <MinValue>-2147483648</MinValue>
              <MaxValue>2147483647</MaxValue>
              <displaynames>
                <displayname description="Credits Consumed" languagecode="1033" />
              </displaynames>
              <Descriptions>
                <Description description="" languagecode="1033" />
              </Descriptions>
            </attribute>
            <attribute PhysicalName="veh_CreditsConsumedLastUpdated">
              <Type>datetime</Type>
              <Name>veh_creditsconsumedlastupdated</Name>
              <LogicalName>veh_creditsconsumedlastupdated</LogicalName>
              <RequiredLevel>none</RequiredLevel>
              <DisplayMask>ValidForAdvancedFind|ValidForForm|ValidForGrid</DisplayMask>
              <ImeMode>auto</ImeMode>
              <ValidForUpdateApi>1</ValidForUpdateApi>
              <ValidForReadApi>1</ValidForReadApi>
              <ValidForCreateApi>1</ValidForCreateApi>
              <IsCustomField>1</IsCustomField>
              <IsAuditEnabled>1</IsAuditEnabled>
              <IsSecured>0</IsSecured>
              <IntroducedVersion>1.0.0.1</IntroducedVersion>
              <IsCustomizable>1</IsCustomizable>
              <IsRenameable>1</IsRenameable>
              <CanModifySearchSettings>1</CanModifySearchSettings>
              <CanModifyRequirementLevelSettings>1</CanModifyRequirementLevelSettings>
              <CanModifyAdditionalSettings>1</CanModifyAdditionalSettings>
              <SourceType>0</SourceType>
              <IsGlobalFilterEnabled>0</IsGlobalFilterEnabled>
              <IsSortableEnabled>0</IsSortableEnabled>
              <CanModifyGlobalFilterSettings>1</CanModifyGlobalFilterSettings>
              <CanModifyIsSortableSettings>1</CanModifyIsSortableSettings>
              <IsDataSourceSecret>0</IsDataSourceSecret>
              <AutoNumberFormat></AutoNumberFormat>
              <IsSearchable>0</IsSearchable>
              <IsFilterable>0</IsFilterable>
              <IsRetrievable>0</IsRetrievable>
              <IsLocalizable>0</IsLocalizable>
              <Format>datetime</Format>
              <CanChangeDateTimeBehavior>1</CanChangeDateTimeBehavior>
              <Behavior>1</Behavior>
              <displaynames>
                <displayname description="Credits Consumed Last Updated" languagecode="1033" />
              </displaynames>
              <Descriptions>
                <Description description="" languagecode="1033" />
              </Descriptions>
            </attribute>
            <attribute PhysicalName="veh_CreditsConsumedSince">
              <Type>datetime</Type>
              <Name>veh_creditsconsumedsince</Name>
              <LogicalName>veh_creditsconsumedsince</LogicalName>
              <RequiredLevel>none</RequiredLevel>
              <DisplayMask>ValidForAdvancedFind|ValidForForm|ValidForGrid</DisplayMask>
              <ImeMode>auto</ImeMode>
              <ValidForUpdateApi>1</ValidForUpdateApi>
              <ValidForReadApi>1</ValidForReadApi>
              <ValidForCreateApi>1</ValidForCreateApi>
              <IsCustomField>1</IsCustomField>
              <IsAuditEnabled>1</IsAuditEnabled>
              <IsSecured>0</IsSecured>
              <IntroducedVersion>1.0.0.1</IntroducedVersion>
              <IsCustomizable>1</IsCustomizable>
              <IsRenameable>1</IsRenameable>
              <CanModifySearchSettings>1</CanModifySearchSettings>
              <CanModifyRequirementLevelSettings>1</CanModifyRequirementLevelSettings>
              <CanModifyAdditionalSettings>1</CanModifyAdditionalSettings>
              <SourceType>0</SourceType>
              <IsGlobalFilterEnabled>0</IsGlobalFilterEnabled>
              <IsSortableEnabled>0</IsSortableEnabled>
              <CanModifyGlobalFilterSettings>1</CanModifyGlobalFilterSettings>
              <CanModifyIsSortableSettings>1</CanModifyIsSortableSettings>
              <IsDataSourceSecret>0</IsDataSourceSecret>
              <AutoNumberFormat></AutoNumberFormat>
              <IsSearchable>0</IsSearchable>
              <IsFilterable>0</IsFilterable>
              <IsRetrievable>0</IsRetrievable>
              <IsLocalizable>0</IsLocalizable>
              <Format>date</Format>
              <CanChangeDateTimeBehavior>1</CanChangeDateTimeBehavior>
              <Behavior>3</Behavior>
              <displaynames>
                <displayname description="Credits Consumed Since" languagecode="1033" />
              </displaynames>
              <Descriptions>
                <Description description="" languagecode="1033" />
              </Descriptions>
            </attribute>
          </attributes>
          <EntitySetName>admin_aibuildermodels</EntitySetName>
          <IsDuplicateCheckSupported>1</IsDuplicateCheckSupported>
          <IsBusinessProcessEnabled>0</IsBusinessProcessEnabled>
          <IsRequiredOffline>0</IsRequiredOffline>
          <IsInteractionCentricEnabled>0</IsInteractionCentricEnabled>
          <IsCollaboration>0</IsCollaboration>
          <AutoRouteToOwnerQueue>0</AutoRouteToOwnerQueue>
          <IsConnectionsEnabled>0</IsConnectionsEnabled>
          <EntityColor></EntityColor>
          <IsDocumentManagementEnabled>0</IsDocumentManagementEnabled>
          <AutoCreateAccessTeams>0</AutoCreateAccessTeams>
          <IsOneNoteIntegrationEnabled>0</IsOneNoteIntegrationEnabled>
          <IsKnowledgeManagementEnabled>0</IsKnowledgeManagementEnabled>
          <IsSLAEnabled>0</IsSLAEnabled>
          <IsDocumentRecommendationsEnabled>0</IsDocumentRecommendationsEnabled>
          <IsBPFEntity>0</IsBPFEntity>
          <OwnershipTypeMask>UserOwned</OwnershipTypeMask>
          <IsAuditEnabled>0</IsAuditEnabled>
          <IsRetrieveAuditEnabled>0</IsRetrieveAuditEnabled>
          <IsRetrieveMultipleAuditEnabled>0</IsRetrieveMultipleAuditEnabled>
          <IsActivity>0</IsActivity>
          <ActivityTypeMask></ActivityTypeMask>
          <IsActivityParty>0</IsActivityParty>
          <IsReplicated>0</IsReplicated>
          <IsReplicationUserFiltered>0</IsReplicationUserFiltered>
          <IsMailMergeEnabled>1</IsMailMergeEnabled>
          <IsVisibleInMobile>0</IsVisibleInMobile>
          <IsVisibleInMobileClient>0</IsVisibleInMobileClient>
          <IsReadOnlyInMobileClient>0</IsReadOnlyInMobileClient>
          <IsOfflineInMobileClient>0</IsOfflineInMobileClient>
          <DaysSinceRecordLastModified>0</DaysSinceRecordLastModified>
          <MobileOfflineFilters></MobileOfflineFilters>
          <IsMapiGridEnabled>1</IsMapiGridEnabled>
          <IsReadingPaneEnabled>1</IsReadingPaneEnabled>
          <IsQuickCreateEnabled>0</IsQuickCreateEnabled>
          <SyncToExternalSearchIndex>0</SyncToExternalSearchIndex>
          <IntroducedVersion>1.0.0.0</IntroducedVersion>
          <IconVectorName>admin_aibuildericon</IconVectorName>
          <EnforceStateTransitions>0</EnforceStateTransitions>
          <EntityHelpUrlEnabled>0</EntityHelpUrlEnabled>
          <EntityHelpUrl></EntityHelpUrl>
          <ChangeTrackingEnabled>0</ChangeTrackingEnabled>
          <IsEnabledForExternalChannels>0</IsEnabledForExternalChannels>
          <IsMSTeamsIntegrationEnabled>0</IsMSTeamsIntegrationEnabled>
          <IsSolutionAware>0</IsSolutionAware>
        </entity>
      </EntityInfo>
      <FormXml>
        <forms type="main">
          <systemform>
            <formid>{7dd4e82c-5470-467f-a3a0-2daf0d4dd0ab}</formid>
            <IntroducedVersion>1.0</IntroducedVersion>
            <FormPresentation>1</FormPresentation>
            <FormActivationState>1</FormActivationState>
            <form headerdensity="HighWithControls">
              <tabs>
                <tab verticallayout="true" id="{9d3ae86d-c24d-42b5-949a-d7a72d2f24e3}" IsUserDefined="1" ordinalvalue="0">
                  <columns>
                    <column width="50%" id="0">
                      <sections>
                        <section name="null_section_5" id="a267937f-5564-4ec7-9941-ccc5872252fa" IsUserDefined="0" locklevel="0" showlabel="true" showbar="false" layout="varwidth" celllabelalignment="Left" celllabelposition="Left" columns="1" labelwidth="115" ordinalvalue="1" solutionaction="Added">
                          <labels>
                            <label description="Consumption" languagecode="1033" />
                          </labels>
                          <rows>
                            <row />
                            <row>
                              <cell id="{dc17898f-0739-4966-84b0-28498e59a1d9}" locklevel="0" colspan="1" rowspan="1" ordinalvalue="10000">
                                <labels>
                                  <label description="" languagecode="1033" />
                                </labels>
                                <control id="veh_creditsconsumed" classid="{C6D124CA-7EDA-4A60-AEA9-7FB8D318B68F}" datafieldname="veh_creditsconsumed" disabled="false" />
                              </cell>
                            </row>
                            <row>
                              <cell id="{9d58d293-bfef-4564-b697-63c965609d27}" locklevel="0" colspan="1" rowspan="1" ordinalvalue="10001">
                                <labels>
                                  <label description="" languagecode="1033" />
                                </labels>
                                <control id="veh_creditsconsumedsince" classid="{5B773807-9FB2-42DB-97C3-7A91EFF8ADFF}" datafieldname="veh_creditsconsumedsince" disabled="false" />
                              </cell>
                            </row>
                            <row>
                              <cell id="{969c2a3d-1130-4ceb-9a5d-dc8542af5f09}" locklevel="0" colspan="1" rowspan="1" ordinalvalue="10002">
                                <labels>
                                  <label description="" languagecode="1033" />
                                </labels>
                                <control id="veh_creditsconsumedlastupdated" classid="{5B773807-9FB2-42DB-97C3-7A91EFF8ADFF}" datafieldname="veh_creditsconsumedlastupdated" disabled="false" />
                              </cell>
                            </row>
                          </rows>
                        </section>
                      </sections>
                    </column>
                  </columns>
                </tab>
              </tabs>
            </form>
            <LocalizedNames>
              <LocalizedName description="Information" languagecode="1033" />
            </LocalizedNames>
            <Descriptions>
              <Description description="A form for this entity." languagecode="1033" />
            </Descriptions>
          </systemform>
        </forms>
      </FormXml>
      <SavedQueries>
        <savedqueries>
          <savedquery>
            <IsCustomizable>1</IsCustomizable>
            <CanBeDeleted>1</CanBeDeleted>
            <isquickfindquery>0</isquickfindquery>
            <isprivate>0</isprivate>
            <isdefault>0</isdefault>
            <savedqueryid>{80e468e6-d1b0-ee11-a568-001dd80adbed}</savedqueryid>
            <layoutxml>
              <grid name="resultset" jump="admin_name" select="1" icon="1" preview="1">
                <row name="result" id="admin_aibuildermodelid">
                  <cell name="admin_name" width="200" />
                  <cell name="veh_creditsconsumed" width="144" />
                  <cell name="admin_aienvironment" width="100" />
                  <cell name="veh_creditsconsumedsince" width="179" />
                  <cell name="veh_creditsconsumedlastupdated" width="223" />
                  <cell name="admin_aicreator" width="266" />
                  <cell name="admin_aitemplate" width="100" />
                  <cell name="admin_ailastused" width="100" />
                  <cell name="admin_aistatus" width="100" />
                </row>
              </grid>
            </layoutxml>
            <querytype>0</querytype>
            <fetchxml>
              <fetch version="1.0" mapping="logical" distinct="true">
                <entity name="admin_aibuildermodel">
                  <attribute name="admin_aibuildermodelid" />
                  <attribute name="admin_name" />
                  <attribute name="admin_aitemplate" />
                  <attribute name="admin_aienvironment" />
                  <attribute name="admin_ailastused" />
                  <attribute name="admin_aistatus" />
                  <attribute name="admin_aicreator" />
                  <filter type="and">
                    <condition attribute="admin_aideleted" operator="eq" value="0" />
                  </filter>
                  <attribute name="veh_creditsconsumed" />
                  <attribute name="veh_creditsconsumedsince" />
                  <attribute name="veh_creditsconsumedlastupdated" />
                  <order attribute="veh_creditsconsumed" descending="true" />
                </entity>
              </fetch>
            </fetchxml>
            <IntroducedVersion>1.0.0.1</IntroducedVersion>
            <LocalizedNames>
              <LocalizedName description="AI Models Consumption" languagecode="1033" />
            </LocalizedNames>
          </savedquery>
        </savedqueries>
      </SavedQueries>
      <RibbonDiffXml>
        <CustomActions />
        <Templates>
          <RibbonTemplates Id="Mscrm.Templates"></RibbonTemplates>
        </Templates>
        <CommandDefinitions />
        <RuleDefinitions>
          <TabDisplayRules />
          <DisplayRules />
          <EnableRules />
        </RuleDefinitions>
        <LocLabels />
      </RibbonDiffXml>
    </Entity>
    <Entity>
      <Name LocalizedName="Environment" OriginalName="Environment">admin_Environment</Name>
      <EntityInfo>
        <entity Name="admin_Environment">
          <LocalizedNames>
            <LocalizedName description="Environment" languagecode="1033" />
          </LocalizedNames>
          <LocalizedCollectionNames>
            <LocalizedCollectionName description="Environments" languagecode="1033" />
          </LocalizedCollectionNames>
          <Descriptions>
            <Description description="" languagecode="1033" />
          </Descriptions>
          <attributes>
            <attribute PhysicalName="veh_AIBuilderOverage">
              <Type>int</Type>
              <Name>veh_aibuilderoverage</Name>
              <LogicalName>veh_aibuilderoverage</LogicalName>
              <RequiredLevel>none</RequiredLevel>
              <DisplayMask>ValidForAdvancedFind|ValidForForm|ValidForGrid</DisplayMask>
              <ImeMode>auto</ImeMode>
              <ValidForUpdateApi>0</ValidForUpdateApi>
              <ValidForReadApi>1</ValidForReadApi>
              <ValidForCreateApi>0</ValidForCreateApi>
              <IsCustomField>1</IsCustomField>
              <IsAuditEnabled>0</IsAuditEnabled>
              <IsSecured>0</IsSecured>
              <IntroducedVersion>1.0.0.1</IntroducedVersion>
              <IsCustomizable>1</IsCustomizable>
              <IsRenameable>1</IsRenameable>
              <CanModifySearchSettings>1</CanModifySearchSettings>
              <CanModifyRequirementLevelSettings>1</CanModifyRequirementLevelSettings>
              <CanModifyAdditionalSettings>1</CanModifyAdditionalSettings>
              <SourceType>2</SourceType>
              <IsGlobalFilterEnabled>0</IsGlobalFilterEnabled>
              <IsSortableEnabled>0</IsSortableEnabled>
              <CanModifyGlobalFilterSettings>1</CanModifyGlobalFilterSettings>
              <CanModifyIsSortableSettings>1</CanModifyIsSortableSettings>
              <IsDataSourceSecret>0</IsDataSourceSecret>
              <AutoNumberFormat></AutoNumberFormat>
              <IsSearchable>0</IsSearchable>
              <IsFilterable>0</IsFilterable>
              <IsRetrievable>0</IsRetrievable>
              <IsLocalizable>0</IsLocalizable>
              <Format>none</Format>
              <MinValue>-2147483648</MinValue>
              <MaxValue>2147483647</MaxValue>
              <displaynames>
                <displayname description="AI Builder Overage" languagecode="1033" />
              </displaynames>
              <Descriptions>
                <Description description="" languagecode="1033" />
              </Descriptions>
              <FormulaDefinitionFileName>/Formulas/admin_environment-veh_aibuilderoverage.xaml</FormulaDefinitionFileName>
            </attribute>
          </attributes>
          <EntitySetName>admin_environments</EntitySetName>
          <IsDuplicateCheckSupported>1</IsDuplicateCheckSupported>
          <IsBusinessProcessEnabled>1</IsBusinessProcessEnabled>
          <IsRequiredOffline>0</IsRequiredOffline>
          <IsInteractionCentricEnabled>0</IsInteractionCentricEnabled>
          <IsCollaboration>0</IsCollaboration>
          <AutoRouteToOwnerQueue>0</AutoRouteToOwnerQueue>
          <IsConnectionsEnabled>0</IsConnectionsEnabled>
          <EntityColor></EntityColor>
          <IsDocumentManagementEnabled>0</IsDocumentManagementEnabled>
          <AutoCreateAccessTeams>0</AutoCreateAccessTeams>
          <IsOneNoteIntegrationEnabled>0</IsOneNoteIntegrationEnabled>
          <IsKnowledgeManagementEnabled>0</IsKnowledgeManagementEnabled>
          <IsSLAEnabled>0</IsSLAEnabled>
          <IsDocumentRecommendationsEnabled>0</IsDocumentRecommendationsEnabled>
          <IsBPFEntity>0</IsBPFEntity>
          <OwnershipTypeMask>UserOwned</OwnershipTypeMask>
          <IsAuditEnabled>1</IsAuditEnabled>
          <IsRetrieveAuditEnabled>0</IsRetrieveAuditEnabled>
          <IsRetrieveMultipleAuditEnabled>0</IsRetrieveMultipleAuditEnabled>
          <IsActivity>0</IsActivity>
          <ActivityTypeMask>CommunicationActivity</ActivityTypeMask>
          <IsActivityParty>0</IsActivityParty>
          <IsReplicated>0</IsReplicated>
          <IsReplicationUserFiltered>0</IsReplicationUserFiltered>
          <IsMailMergeEnabled>1</IsMailMergeEnabled>
          <IsVisibleInMobile>0</IsVisibleInMobile>
          <IsVisibleInMobileClient>0</IsVisibleInMobileClient>
          <IsReadOnlyInMobileClient>0</IsReadOnlyInMobileClient>
          <IsOfflineInMobileClient>0</IsOfflineInMobileClient>
          <DaysSinceRecordLastModified>0</DaysSinceRecordLastModified>
          <MobileOfflineFilters></MobileOfflineFilters>
          <IsMapiGridEnabled>1</IsMapiGridEnabled>
          <IsReadingPaneEnabled>1</IsReadingPaneEnabled>
          <IsQuickCreateEnabled>0</IsQuickCreateEnabled>
          <SyncToExternalSearchIndex>0</SyncToExternalSearchIndex>
          <IntroducedVersion>0.0.0.0</IntroducedVersion>
          <IconVectorName>admin_globeicon</IconVectorName>
          <EnforceStateTransitions>0</EnforceStateTransitions>
          <EntityHelpUrlEnabled>0</EntityHelpUrlEnabled>
          <EntityHelpUrl></EntityHelpUrl>
          <ChangeTrackingEnabled>1</ChangeTrackingEnabled>
          <IsEnabledForExternalChannels>0</IsEnabledForExternalChannels>
          <IsMSTeamsIntegrationEnabled>0</IsMSTeamsIntegrationEnabled>
          <IsSolutionAware>0</IsSolutionAware>
          <HasRelatedNotes>True</HasRelatedNotes>
        </entity>
      </EntityInfo>
      <FormXml>
        <forms type="quick">
          <systemform>
            <formid>{a3e45466-d2b0-ee11-a568-001dd80ad05f}</formid>
            <IntroducedVersion>1.0.0.1</IntroducedVersion>
            <FormPresentation>1</FormPresentation>
            <FormActivationState>1</FormActivationState>
            <form>
              <tabs>
                <tab id="ACBA75B7-97B6-4116-AA55-51312992B721" name="tab_1" showlabel="false" labelid="{21021588-7673-4965-a374-a0e4e11e294b}">
                  <labels>
                    <label description="New Tab" languagecode="1033" />
                  </labels>
                  <columns>
                    <column width="100%">
                      <sections>
                        <section id="AD49B5BF-256F-46A8-9C75-947146172EB9" name="tab_1_column_1_section_1" columns="1" showlabel="true" showbar="false" IsUserDefined="0" labelwidth="130" labelid="{38533ef1-fb6f-45ff-ba58-43aab13a6ec7}">
                          <labels>
                            <label description="AI Builder Models This Environment" languagecode="1033" />
                          </labels>
                          <rows>
                            <row>
                              <cell id="C0550AC7-0F44-45A4-8EF5-D2911C0689D9" labelid="{7db9320d-4ff1-4b54-a1bb-90660ff9e8c1}">
                                <labels>
                                  <label description="" languagecode="1033" />
                                </labels>
                              </cell>
                            </row>
                            <row>
                              <cell locklevel="0" id="{c2bb1bbd-ec2f-480e-b313-b29d5604ffcf}" rowspan="4" colspan="1" auto="false" showlabel="false" labelid="{617be5d7-53a1-457f-b513-c16057c52bea}">
                                <labels>
                                  <label description="New SG control 1705012768498" languagecode="1033" />
                                </labels>
                                <control indicationOfSubgrid="true" id="Subgrid_new_1" classid="{E7A81278-8635-4D9E-8D4D-59480B391C5B}">
                                  <parameters>
                                    <RecordsPerPage>4</RecordsPerPage>
                                    <AutoExpand>Fixed</AutoExpand>
                                    <EnableQuickFind>false</EnableQuickFind>
                                    <EnableViewPicker>false</EnableViewPicker>
                                    <EnableChartPicker>true</EnableChartPicker>
                                    <ChartGridMode>All</ChartGridMode>
                                    <TargetEntityType>admin_aibuildermodel</TargetEntityType>
                                    <ViewId>{80E468E6-D1B0-EE11-A568-001DD80ADBED}</ViewId>
                                    <ViewIds>{5DC88D5A-B283-4513-97A1-2684FEB5A243},{80E468E6-D1B0-EE11-A568-001DD80ADBED}</ViewIds>
                                    <RelationshipName>admin_admin_aibuildermodel_AiEnvironment_admin_</RelationshipName>
                                  </parameters>
                                </control>
                              </cell>
                            </row>
                            <row />
                            <row />
                            <row />
                          </rows>
                        </section>
                      </sections>
                    </column>
                  </columns>
                </tab>
              </tabs>
              <DisplayConditions Order="1" FallbackForm="true">
                <Role Id="{627090ff-40a3-4053-8790-584edc5be201}" />
                <Role Id="{119f245c-3cc8-4b62-b31c-d1a046ced15d}" />
              </DisplayConditions>
            </form>
            <IsCustomizable>1</IsCustomizable>
            <CanBeDeleted>1</CanBeDeleted>
            <LocalizedNames>
              <LocalizedName description="AIBuilderModel" languagecode="1033" />
            </LocalizedNames>
          </systemform>
        </forms>
      </FormXml>
      <SavedQueries>
        <savedqueries>
          <savedquery>
            <IsCustomizable>1</IsCustomizable>
            <CanBeDeleted>1</CanBeDeleted>
            <isquickfindquery>0</isquickfindquery>
            <isprivate>0</isprivate>
            <isdefault>0</isdefault>
            <savedqueryid>{7c9bac40-d5b0-ee11-a568-001dd80ad82d}</savedqueryid>
            <layoutxml>
              <grid name="resultset" jump="admin_displayname" select="1" icon="1" preview="1">
                <row name="result" id="admin_environmentid">
                  <cell name="admin_displayname" width="260" />
                  <cell name="veh_aibuilderoverage" width="174" />
                  <cell name="admin_environmentsku" width="155" />
                  <cell name="admin_maker" width="150" />
                </row>
              </grid>
            </layoutxml>
            <querytype>0</querytype>
            <fetchxml>
              <fetch version="1.0" output-format="xml-platform" mapping="logical" distinct="true">
                <entity name="admin_environment">
                  <attribute name="admin_environmentid" />
                  <attribute name="admin_displayname" />
                  <attribute name="admin_maker" />
                  <attribute name="admin_environmentsku" />
                  <filter type="and">
                    <condition attribute="statecode" operator="eq" value="0" />
                    <condition attribute="admin_environmentdeleted" operator="eq" value="0" />
                    <condition attribute="admin_excusefrominventory" operator="ne" value="1" />
                  </filter>
                  <attribute name="veh_aibuilderoverage" />
                  <order attribute="veh_aibuilderoverage" descending="true" />
                </entity>
              </fetch>
            </fetchxml>
            <IntroducedVersion>1.0.0.1</IntroducedVersion>
            <LocalizedNames>
              <LocalizedName description="Environments AI Builder Overages" languagecode="1033" />
            </LocalizedNames>
          </savedquery>
        </savedqueries>
      </SavedQueries>
      <RibbonDiffXml>
        <CustomActions />
        <Templates>
          <RibbonTemplates Id="Mscrm.Templates"></RibbonTemplates>
        </Templates>
        <CommandDefinitions />
        <RuleDefinitions>
          <TabDisplayRules />
          <DisplayRules />
          <EnableRules />
        </RuleDefinitions>
        <LocLabels />
      </RibbonDiffXml>
    </Entity>
    <Entity>
      <Name LocalizedName="Environment Addons" OriginalName="Environment Addons">admin_EnvironmentAddons</Name>
      <EntityInfo>
        <entity Name="admin_EnvironmentAddons">
          <attributes>
            <attribute PhysicalName="veh_CalculatedActualConsumptionLastUpdate">
              <Type>datetime</Type>
              <Name>veh_calculatedactualconsumptionlastupdate</Name>
              <LogicalName>veh_calculatedactualconsumptionlastupdate</LogicalName>
              <RequiredLevel>none</RequiredLevel>
              <DisplayMask>ValidForAdvancedFind|ValidForForm|ValidForGrid</DisplayMask>
              <ImeMode>auto</ImeMode>
              <ValidForUpdateApi>1</ValidForUpdateApi>
              <ValidForReadApi>1</ValidForReadApi>
              <ValidForCreateApi>1</ValidForCreateApi>
              <IsCustomField>1</IsCustomField>
              <IsAuditEnabled>1</IsAuditEnabled>
              <IsSecured>0</IsSecured>
              <IntroducedVersion>1.0.0.1</IntroducedVersion>
              <IsCustomizable>1</IsCustomizable>
              <IsRenameable>1</IsRenameable>
              <CanModifySearchSettings>1</CanModifySearchSettings>
              <CanModifyRequirementLevelSettings>1</CanModifyRequirementLevelSettings>
              <CanModifyAdditionalSettings>1</CanModifyAdditionalSettings>
              <SourceType>0</SourceType>
              <IsGlobalFilterEnabled>0</IsGlobalFilterEnabled>
              <IsSortableEnabled>0</IsSortableEnabled>
              <CanModifyGlobalFilterSettings>1</CanModifyGlobalFilterSettings>
              <CanModifyIsSortableSettings>1</CanModifyIsSortableSettings>
              <IsDataSourceSecret>0</IsDataSourceSecret>
              <AutoNumberFormat></AutoNumberFormat>
              <IsSearchable>0</IsSearchable>
              <IsFilterable>0</IsFilterable>
              <IsRetrievable>0</IsRetrievable>
              <IsLocalizable>0</IsLocalizable>
              <Format>datetime</Format>
              <CanChangeDateTimeBehavior>1</CanChangeDateTimeBehavior>
              <Behavior>1</Behavior>
              <displaynames>
                <displayname description="Calculated Actual Consumption Last Update" languagecode="1033" />
              </displaynames>
              <Descriptions>
                <Description description="" languagecode="1033" />
              </Descriptions>
            </attribute>
            <attribute PhysicalName="veh_CalculatedActualConsumptionStartDate">
              <Type>datetime</Type>
              <Name>veh_calculatedactualconsumptionstartdate</Name>
              <LogicalName>veh_calculatedactualconsumptionstartdate</LogicalName>
              <RequiredLevel>none</RequiredLevel>
              <DisplayMask>ValidForAdvancedFind|ValidForForm|ValidForGrid</DisplayMask>
              <ImeMode>auto</ImeMode>
              <ValidForUpdateApi>1</ValidForUpdateApi>
              <ValidForReadApi>1</ValidForReadApi>
              <ValidForCreateApi>1</ValidForCreateApi>
              <IsCustomField>1</IsCustomField>
              <IsAuditEnabled>1</IsAuditEnabled>
              <IsSecured>0</IsSecured>
              <IntroducedVersion>1.0.0.1</IntroducedVersion>
              <IsCustomizable>1</IsCustomizable>
              <IsRenameable>1</IsRenameable>
              <CanModifySearchSettings>1</CanModifySearchSettings>
              <CanModifyRequirementLevelSettings>1</CanModifyRequirementLevelSettings>
              <CanModifyAdditionalSettings>1</CanModifyAdditionalSettings>
              <SourceType>0</SourceType>
              <IsGlobalFilterEnabled>0</IsGlobalFilterEnabled>
              <IsSortableEnabled>0</IsSortableEnabled>
              <CanModifyGlobalFilterSettings>1</CanModifyGlobalFilterSettings>
              <CanModifyIsSortableSettings>1</CanModifyIsSortableSettings>
              <IsDataSourceSecret>0</IsDataSourceSecret>
              <AutoNumberFormat></AutoNumberFormat>
              <IsSearchable>0</IsSearchable>
              <IsFilterable>0</IsFilterable>
              <IsRetrievable>0</IsRetrievable>
              <IsLocalizable>0</IsLocalizable>
              <Format>date</Format>
              <CanChangeDateTimeBehavior>1</CanChangeDateTimeBehavior>
              <Behavior>3</Behavior>
              <displaynames>
                <displayname description="Calculated Actual Consumption Start Date" languagecode="1033" />
              </displaynames>
              <Descriptions>
                <Description description="" languagecode="1033" />
              </Descriptions>
            </attribute>
            <attribute PhysicalName="veh_CalculatedActualConsumptionThisMonth">
              <Type>int</Type>
              <Name>veh_calculatedactualconsumptionthismonth</Name>
              <LogicalName>veh_calculatedactualconsumptionthismonth</LogicalName>
              <RequiredLevel>none</RequiredLevel>
              <DisplayMask>ValidForAdvancedFind|ValidForForm|ValidForGrid</DisplayMask>
              <ImeMode>disabled</ImeMode>
              <ValidForUpdateApi>1</ValidForUpdateApi>
              <ValidForReadApi>1</ValidForReadApi>
              <ValidForCreateApi>1</ValidForCreateApi>
              <IsCustomField>1</IsCustomField>
              <IsAuditEnabled>1</IsAuditEnabled>
              <IsSecured>0</IsSecured>
              <IntroducedVersion>1.0.0.1</IntroducedVersion>
              <IsCustomizable>1</IsCustomizable>
              <IsRenameable>1</IsRenameable>
              <CanModifySearchSettings>1</CanModifySearchSettings>
              <CanModifyRequirementLevelSettings>1</CanModifyRequirementLevelSettings>
              <CanModifyAdditionalSettings>1</CanModifyAdditionalSettings>
              <SourceType>0</SourceType>
              <IsGlobalFilterEnabled>0</IsGlobalFilterEnabled>
              <IsSortableEnabled>0</IsSortableEnabled>
              <CanModifyGlobalFilterSettings>1</CanModifyGlobalFilterSettings>
              <CanModifyIsSortableSettings>1</CanModifyIsSortableSettings>
              <IsDataSourceSecret>0</IsDataSourceSecret>
              <AutoNumberFormat></AutoNumberFormat>
              <IsSearchable>0</IsSearchable>
              <IsFilterable>0</IsFilterable>
              <IsRetrievable>0</IsRetrievable>
              <IsLocalizable>0</IsLocalizable>
              <Format>none</Format>
              <MinValue>-2147483648</MinValue>
              <MaxValue>2147483647</MaxValue>
              <displaynames>
                <displayname description="Calculated Actual Consumption This Month" languagecode="1033" />
              </displaynames>
              <Descriptions>
                <Description description="" languagecode="1033" />
              </Descriptions>
            </attribute>
            <attribute PhysicalName="veh_CalculatedOverageThisMonth">
              <Type>int</Type>
              <Name>veh_calculatedoveragethismonth</Name>
              <LogicalName>veh_calculatedoveragethismonth</LogicalName>
              <RequiredLevel>none</RequiredLevel>
              <DisplayMask>ValidForAdvancedFind|ValidForForm|ValidForGrid</DisplayMask>
              <ImeMode>auto</ImeMode>
              <ValidForUpdateApi>0</ValidForUpdateApi>
              <ValidForReadApi>1</ValidForReadApi>
              <ValidForCreateApi>0</ValidForCreateApi>
              <IsCustomField>1</IsCustomField>
              <IsAuditEnabled>0</IsAuditEnabled>
              <IsSecured>0</IsSecured>
              <IntroducedVersion>1.0.0.1</IntroducedVersion>
              <IsCustomizable>1</IsCustomizable>
              <IsRenameable>1</IsRenameable>
              <CanModifySearchSettings>1</CanModifySearchSettings>
              <CanModifyRequirementLevelSettings>1</CanModifyRequirementLevelSettings>
              <CanModifyAdditionalSettings>1</CanModifyAdditionalSettings>
              <SourceType>1</SourceType>
              <IsGlobalFilterEnabled>0</IsGlobalFilterEnabled>
              <IsSortableEnabled>0</IsSortableEnabled>
              <CanModifyGlobalFilterSettings>1</CanModifyGlobalFilterSettings>
              <CanModifyIsSortableSettings>1</CanModifyIsSortableSettings>
              <IsDataSourceSecret>0</IsDataSourceSecret>
              <AutoNumberFormat></AutoNumberFormat>
              <IsSearchable>0</IsSearchable>
              <IsFilterable>0</IsFilterable>
              <IsRetrievable>0</IsRetrievable>
              <IsLocalizable>0</IsLocalizable>
              <Format></Format>
              <MinValue>-2147483648</MinValue>
              <MaxValue>2147483647</MaxValue>
              <displaynames>
                <displayname description="Calculated Overage This Month" languagecode="1033" />
              </displaynames>
              <Descriptions>
                <Description description="" languagecode="1033" />
              </Descriptions>
              <FormulaDefinitionFileName>/Formulas/admin_environmentaddons-veh_calculatedoveragethismonth.xaml</FormulaDefinitionFileName>
            </attribute>
          </attributes>
          <EntitySetName>admin_environmentaddonses</EntitySetName>
          <IsDuplicateCheckSupported>1</IsDuplicateCheckSupported>
          <IsBusinessProcessEnabled>0</IsBusinessProcessEnabled>
          <IsRequiredOffline>0</IsRequiredOffline>
          <IsInteractionCentricEnabled>0</IsInteractionCentricEnabled>
          <IsCollaboration>0</IsCollaboration>
          <AutoRouteToOwnerQueue>0</AutoRouteToOwnerQueue>
          <IsConnectionsEnabled>0</IsConnectionsEnabled>
          <EntityColor></EntityColor>
          <IsDocumentManagementEnabled>0</IsDocumentManagementEnabled>
          <AutoCreateAccessTeams>0</AutoCreateAccessTeams>
          <IsOneNoteIntegrationEnabled>0</IsOneNoteIntegrationEnabled>
          <IsKnowledgeManagementEnabled>0</IsKnowledgeManagementEnabled>
          <IsSLAEnabled>0</IsSLAEnabled>
          <IsDocumentRecommendationsEnabled>0</IsDocumentRecommendationsEnabled>
          <IsBPFEntity>0</IsBPFEntity>
          <OwnershipTypeMask>UserOwned</OwnershipTypeMask>
          <IsAuditEnabled>0</IsAuditEnabled>
          <IsRetrieveAuditEnabled>0</IsRetrieveAuditEnabled>
          <IsRetrieveMultipleAuditEnabled>0</IsRetrieveMultipleAuditEnabled>
          <IsActivity>0</IsActivity>
          <ActivityTypeMask></ActivityTypeMask>
          <IsActivityParty>0</IsActivityParty>
          <IsReplicated>0</IsReplicated>
          <IsReplicationUserFiltered>0</IsReplicationUserFiltered>
          <IsMailMergeEnabled>1</IsMailMergeEnabled>
          <IsVisibleInMobile>0</IsVisibleInMobile>
          <IsVisibleInMobileClient>0</IsVisibleInMobileClient>
          <IsReadOnlyInMobileClient>0</IsReadOnlyInMobileClient>
          <IsOfflineInMobileClient>0</IsOfflineInMobileClient>
          <DaysSinceRecordLastModified>0</DaysSinceRecordLastModified>
          <MobileOfflineFilters></MobileOfflineFilters>
          <IsMapiGridEnabled>1</IsMapiGridEnabled>
          <IsReadingPaneEnabled>1</IsReadingPaneEnabled>
          <IsQuickCreateEnabled>0</IsQuickCreateEnabled>
          <SyncToExternalSearchIndex>0</SyncToExternalSearchIndex>
          <IntroducedVersion>1.0</IntroducedVersion>
          <IconVectorName>admin_datausageicon</IconVectorName>
          <EnforceStateTransitions>0</EnforceStateTransitions>
          <EntityHelpUrlEnabled>0</EntityHelpUrlEnabled>
          <EntityHelpUrl></EntityHelpUrl>
          <ChangeTrackingEnabled>1</ChangeTrackingEnabled>
          <IsEnabledForExternalChannels>0</IsEnabledForExternalChannels>
          <IsMSTeamsIntegrationEnabled>0</IsMSTeamsIntegrationEnabled>
          <IsSolutionAware>0</IsSolutionAware>
        </entity>
      </EntityInfo>
      <FormXml>
        <forms type="main">
          <systemform>
            <formid>{532c5355-4487-44de-ba92-b47c61b5c008}</formid>
            <IntroducedVersion>1.0</IntroducedVersion>
            <FormPresentation>1</FormPresentation>
            <FormActivationState>1</FormActivationState>
            <form headerdensity="HighWithControls">
              <tabs>
                <tab verticallayout="true" id="{f3b1f848-2f18-4e96-ada2-2a378c1c02e9}" IsUserDefined="1" name="tab_general" ordinalvalue="0">
                  <columns>
                    <column width="50%" id="0">
                      <sections>
                        <section showlabel="true" showbar="false" IsUserDefined="0" id="{54a389e1-a760-4866-b101-969308d5a8b9}" name="tab_general_section_addon" ordinalvalue="0">
                          <rows>
                            <row>
                              <cell id="{87292541-ff84-4809-ba51-f920fbf7a58b}" visible="false" ordinalvalue="10004" solutionaction="Modified" />
                            </row>
                            <row>
                              <cell id="{3051338d-264d-413a-bc78-f18286dc6c8c}" userspacer="true" showlabel="false" colspan="1" rowspan="1" ordinalvalue="10002" solutionaction="Added">
                                <labels>
                                  <label description="" languagecode="1033" />
                                </labels>
                              </cell>
                            </row>
                            <row>
                              <cell id="{61f82c4c-1198-428c-a8e6-fdd9360fe45e}" userspacer="true" showlabel="false" colspan="1" rowspan="1" ordinalvalue="10003" solutionaction="Added">
                                <labels>
                                  <label description="" languagecode="1033" />
                                </labels>
                              </cell>
                            </row>
                          </rows>
                        </section>
                        <section name="tab_general_section_4" id="a5859e20-15e6-4a5a-8b77-727774701966" IsUserDefined="0" locklevel="0" showlabel="true" showbar="false" layout="varwidth" celllabelalignment="Left" celllabelposition="Left" columns="1" labelwidth="115" ordinalvalue="1" solutionaction="Added">
                          <labels>
                            <label description="Calculated Actual Consumption" languagecode="1033" />
                          </labels>
                          <rows>
                            <row />
                            <row>
                              <cell id="{d2fddaca-9c94-40e6-8767-f620b9a31aa3}" locklevel="0" colspan="1" rowspan="1" ordinalvalue="10000">
                                <labels>
                                  <label description="" languagecode="1033" />
                                </labels>
                                <control id="veh_calculatedactualconsumptionthismonth" classid="{C6D124CA-7EDA-4A60-AEA9-7FB8D318B68F}" datafieldname="veh_calculatedactualconsumptionthismonth" disabled="true" />
                              </cell>
                            </row>
                            <row>
                              <cell id="{6033e72c-f3ae-4c02-8637-bebd4c138010}" locklevel="0" colspan="1" rowspan="1" ordinalvalue="10001">
                                <labels>
                                  <label description="" languagecode="1033" />
                                </labels>
                                <control id="veh_calculatedoveragethismonth" classid="{C6D124CA-7EDA-4A60-AEA9-7FB8D318B68F}" datafieldname="veh_calculatedoveragethismonth" disabled="false" />
                              </cell>
                            </row>
                            <row>
                              <cell id="{d8aa294e-dd9d-4261-b8c4-dea23b3a794e}" locklevel="0" colspan="1" rowspan="1" ordinalvalue="10002">
                                <labels>
                                  <label description="" languagecode="1033" />
                                </labels>
                                <control id="veh_calculatedactualconsumptionstartdate" classid="{5B773807-9FB2-42DB-97C3-7A91EFF8ADFF}" datafieldname="veh_calculatedactualconsumptionstartdate" disabled="false" />
                              </cell>
                            </row>
                            <row>
                              <cell id="{92623866-c6d5-4e02-8796-aa9296e7972a}" locklevel="0" colspan="1" rowspan="1" ordinalvalue="10003">
                                <labels>
                                  <label description="" languagecode="1033" />
                                </labels>
                                <control id="veh_calculatedactualconsumptionlastupdate" classid="{5B773807-9FB2-42DB-97C3-7A91EFF8ADFF}" datafieldname="veh_calculatedactualconsumptionlastupdate" disabled="false" />
                              </cell>
                            </row>
                          </rows>
                        </section>
                      </sections>
                    </column>
                    <column width="50%" id="1">
                      <sections>
                        <section name="tab_general_section_5" id="db6b5649-9e8a-4e77-b282-11e3b808a640" IsUserDefined="0" locklevel="0" showlabel="false" showbar="false" layout="varwidth" celllabelalignment="Left" celllabelposition="Left" columns="1" labelwidth="115" ordinalvalue="1" solutionaction="Added">
                          <labels>
                            <label description="AI Builder Models This Environment" languagecode="1033" />
                          </labels>
                          <rows>
                            <row />
                            <row>
                              <cell locklevel="0" id="{b9a91191-7ccf-4ae3-9cff-24fdca50b0e7}" colspan="1" rowspan="1" ordinalvalue="10000">
                                <labels>
                                  <label description="New QV control 1705012867030" languagecode="1033" />
                                </labels>
                                <control id="qvcaibuildermodels" classid="{5C5600E0-1D6E-4205-A272-BE80DA87FD42}" datafieldname="admin_environment">
                                  <parameters>
                                    <DisplayAsCustomer360Tile>false</DisplayAsCustomer360Tile>
                                    <QuickForms>&lt;QuickFormIds&gt;&lt;QuickFormId entityname="admin_environment"&gt;a3e45466-d2b0-ee11-a568-001dd80ad05f&lt;/QuickFormId&gt;&lt;/QuickFormIds&gt;</QuickForms>
                                  </parameters>
                                </control>
                              </cell>
                            </row>
                          </rows>
                        </section>
                      </sections>
                    </column>
                  </columns>
                </tab>
              </tabs>
              <header id="{f9e84d82-c523-4afb-8ec1-f12775bfcb9c}" celllabelposition="Top" columns="111" labelwidth="115" celllabelalignment="Left">
                <rows />
              </header>
              <footer id="{a00a3806-97e2-42ee-90e6-1e0f3605fb72}" celllabelposition="Top" columns="111" labelwidth="115" celllabelalignment="Left">
                <rows />
              </footer>
            </form>
            <LocalizedNames>
              <LocalizedName description="Information" languagecode="1033" />
            </LocalizedNames>
            <Descriptions>
              <Description description="A form for this entity." languagecode="1033" />
            </Descriptions>
          </systemform>
        </forms>
      </FormXml>
      <SavedQueries>
        <savedqueries>
          <savedquery>
            <IsCustomizable>1</IsCustomizable>
            <CanBeDeleted>1</CanBeDeleted>
            <isquickfindquery>0</isquickfindquery>
            <isprivate>0</isprivate>
            <isdefault>0</isdefault>
            <savedqueryid>{e4e86d12-cfb0-ee11-a568-001dd8067f77}</savedqueryid>
            <layoutxml>
              <grid name="resultset" jump="admin_addontype" select="1" icon="1" preview="1">
                <row name="result" id="admin_environmentaddonsid">
                  <cell name="admin_environment" width="212" />
                  <cell name="admin_allocated" width="85" />
                  <cell name="veh_calculatedactualconsumptionthismonth" width="300" />
                  <cell name="veh_calculatedoveragethismonth" width="221" />
                  <cell name="veh_calculatedactualconsumptionstartdate" width="280" />
                  <cell name="veh_calculatedactualconsumptionlastupdate" width="292" />
                </row>
              </grid>
            </layoutxml>
            <querytype>0</querytype>
            <fetchxml>
              <fetch version="1.0" output-format="xml-platform" mapping="logical" distinct="true">
                <entity name="admin_environmentaddons">
                  <attribute name="admin_environmentaddonsid" />
                  <attribute name="admin_environment" />
                  <attribute name="admin_allocated" />
                  <attribute name="veh_calculatedactualconsumptionthismonth" />
                  <attribute name="veh_calculatedoveragethismonth" />
                  <attribute name="veh_calculatedactualconsumptionstartdate" />
                  <attribute name="veh_calculatedactualconsumptionlastupdate" />
                  <filter type="and">
                    <condition attribute="statecode" operator="eq" value="0" />
                    <condition attribute="admin_addontype" operator="eq" value="AI" />
                  </filter>
                </entity>
              </fetch>
            </fetchxml>
            <IntroducedVersion>1.0.0.1</IntroducedVersion>
            <LocalizedNames>
              <LocalizedName description="AI Environment Add-Ons" languagecode="1033" />
            </LocalizedNames>
          </savedquery>
        </savedqueries>
      </SavedQueries>
      <RibbonDiffXml>
        <CustomActions />
        <Templates>
          <RibbonTemplates Id="Mscrm.Templates"></RibbonTemplates>
        </Templates>
        <CommandDefinitions />
        <RuleDefinitions>
          <TabDisplayRules />
          <DisplayRules />
          <EnableRules />
        </RuleDefinitions>
        <LocLabels />
      </RibbonDiffXml>
    </Entity>
  </Entities>
  <Roles></Roles>
  <Workflows>
    <Workflow WorkflowId="{0db159f8-d2b0-ee11-a568-001dd8067f77}" Name="Visibility Calc Usage Fields" Description="Click to add description">
      <XamlFileName>/Workflows/VisibilityCalcUsageFields-0DB159F8-D2B0-EE11-A568-001DD8067F77.xaml</XamlFileName>
      <Type>1</Type>
      <Subprocess>0</Subprocess>
      <Category>2</Category>
      <Mode>1</Mode>
      <Scope>4</Scope>
      <OnDemand>0</OnDemand>
      <TriggerOnCreate>0</TriggerOnCreate>
      <TriggerOnDelete>0</TriggerOnDelete>
      <AsyncAutodelete>0</AsyncAutodelete>
      <SyncWorkflowLogOnFailure>0</SyncWorkflowLogOnFailure>
      <StateCode>1</StateCode>
      <StatusCode>2</StatusCode>
      <RunAs>1</RunAs>
      <IsTransacted>1</IsTransacted>
      <IntroducedVersion>1.0.0.1</IntroducedVersion>
      <IsCustomizable>1</IsCustomizable>
      <BusinessProcessType>0</BusinessProcessType>
      <IsCustomProcessingStepAllowedForOtherPublishers>1</IsCustomProcessingStepAllowedForOtherPublishers>
      <ProcessTriggerScope>2</ProcessTriggerScope>
      <PrimaryEntity>admin_EnvironmentAddons</PrimaryEntity>
      <LocalizedNames>
        <LocalizedName languagecode="1033" description="Visibility Calc Usage Fields" />
      </LocalizedNames>
      <Descriptions>
        <Description languagecode="1033" description="Click to add description" />
      </Descriptions>
    </Workflow>
    <Workflow WorkflowId="{d8606a15-79ae-ee11-a568-001dd80ad82d}" Name="AI Builder Consumption Tenant Update">
      <JsonFileName>/Workflows/AIBuilderConsumptionTenantUpdate-D8606A15-79AE-EE11-A568-001DD80AD82D.json</JsonFileName>
      <Type>1</Type>
      <Subprocess>0</Subprocess>
      <Category>5</Category>
      <Mode>0</Mode>
      <Scope>4</Scope>
      <OnDemand>0</OnDemand>
      <TriggerOnCreate>0</TriggerOnCreate>
      <TriggerOnDelete>0</TriggerOnDelete>
      <AsyncAutodelete>0</AsyncAutodelete>
      <SyncWorkflowLogOnFailure>0</SyncWorkflowLogOnFailure>
      <StateCode>1</StateCode>
      <StatusCode>2</StatusCode>
      <RunAs>1</RunAs>
      <IsTransacted>1</IsTransacted>
      <IntroducedVersion>1.0.0.1</IntroducedVersion>
      <IsCustomizable>1</IsCustomizable>
      <BusinessProcessType>0</BusinessProcessType>
      <IsCustomProcessingStepAllowedForOtherPublishers>1</IsCustomProcessingStepAllowedForOtherPublishers>
      <PrimaryEntity>none</PrimaryEntity>
      <LocalizedNames>
        <LocalizedName languagecode="1033" description="AI Builder Consumption Tenant Update" />
      </LocalizedNames>
    </Workflow>
  </Workflows>
  <FieldSecurityProfiles></FieldSecurityProfiles>
  <Templates />
  <EntityMaps />
  <EntityRelationships />
  <OrganizationSettings />
  <optionsets />
  <CustomControls />
  <AppModules>
    <AppModule>
      <UniqueName>admin_PowerPlatformAdminView</UniqueName>
      <IntroducedVersion>1.0.0.22</IntroducedVersion>
      <WebResourceId>953b9fac-1e5e-e611-80d6-00155ded156f</WebResourceId>
      <OptimizedFor></OptimizedFor>
      <statecode>0</statecode>
      <statuscode>1</statuscode>
      <FormFactor>1</FormFactor>
      <ClientType>4</ClientType>
      <NavigationType>0</NavigationType>
      <AppModuleComponents>
        <AppModuleComponent type="26" id="{7c9bac40-d5b0-ee11-a568-001dd80ad82d}" solutionaction="Added" />
      </AppModuleComponents>
      <LocalizedNames>
        <LocalizedName description="Power Platform Admin View" languagecode="1033" />
      </LocalizedNames>
      <Descriptions>
        <Description description="Power Platform Admin View is a model-driven app that provides an interface used to browse items in Dataverse custom tables. It provides access to views and forms for the custom tables in the solution." languagecode="1033" />
      </Descriptions>
      <appelements>
        <appelement uniquename="admin_admin_PowerPlatformAdminView_canvasappid_admin_deleteflowobject_eddf3"></appelement>
        <appelement uniquename="admin_admin_PowerPlatformAdminView_canvasappid_admin_emailappusers_a6c56"></appelement>
        <appelement uniquename="admin_admin_PowerPlatformAdminView_canvasappid_admin_emailflowusers_9b94b"></appelement>
        <appelement uniquename="admin_admin_PowerPlatformAdminView_canvasappid_admin_managepermissions_bfe40"></appelement>
        <appelement uniquename="admin_admin_PowerPlatformAdminView_canvasappid_admin_managepermissionsapp_93136"></appelement>
        <appelement uniquename="admin_admin_PowerPlatformAdminView_canvasappid_admin_powerplatformadminviewdefaultcommandlibrary_07392"></appelement>
        <appelement uniquename="admin_admin_PowerPlatformAdminView_canvasappid_admin_ppadminviewaibuilderusers_45b58"></appelement>
        <appelement uniquename="admin_admin_PowerPlatformAdminView_canvasappid_admin_ppadminviewbpfusers_84235"></appelement>
        <appelement uniquename="admin_admin_PowerPlatformAdminView_canvasappid_admin_ppadminviewdeleteobjectapp_01080"></appelement>
        <appelement uniquename="admin_admin_PowerPlatformAdminView_canvasappid_admin_ppadminviewemailbotusers_66e1a"></appelement>
        <appelement uniquename="admin_admin_PowerPlatformAdminView_canvasappid_admin_ppadminviewemailchatbotusers_fc54a"></appelement>
        <appelement uniquename="admin_admin_PowerPlatformAdminView_canvasappid_admin_ppadminviewemailcustomconnectorusers_4c340"></appelement>
        <appelement uniquename="admin_admin_PowerPlatformAdminView_canvasappid_admin_ppadminviewemailenvironmentusers_43ee2"></appelement>
        <appelement uniquename="admin_admin_PowerPlatformAdminView_canvasappid_admin_ppadminviewemailmakers_bc561"></appelement>
        <appelement uniquename="admin_admin_PowerPlatformAdminView_canvasappid_admin_ppadminviewemailpowerpagesusers_7133c"></appelement>
        <appelement uniquename="admin_admin_PowerPlatformAdminView_canvasappid_admin_ppadminviewquarantineapp_be8d8"></appelement>
        <appelement uniquename="admin_admin_PowerPlatformAdminView_canvasappid_admin_ppadminviewsolutionsusers_e1c9b"></appelement>
        <appelement uniquename="admin_admin_PowerPlatformAdminView_canvasappid_admin_ppadminviewstartflow_e0f91"></appelement>
        <appelement uniquename="admin_admin_PowerPlatformAdminView_canvasappid_admin_ppadminviewstopflow_17a00"></appelement>
        <appelement uniquename="admin_admin_PowerPlatformAdminView_canvasappid_admin_ppadminviewunquarantineapp_93313"></appelement>
      </appelements>
    </AppModule>
  </AppModules>
  <EntityDataProviders />
  <connectionreferences>
    <connectionreference connectionreferencelogicalname="veh_sharedcommondataserviceforapps_b7b95">
      <connectionreferencedisplayname>Microsoft Dataverse CoEDataGovernanceSolution-b7b95</connectionreferencedisplayname>
      <connectorid>/providers/Microsoft.PowerApps/apis/shared_commondataserviceforapps</connectorid>
      <iscustomizable>1</iscustomizable>
      <statecode>0</statecode>
      <statuscode>1</statuscode>
    </connectionreference>
  </connectionreferences>
  <Languages>
    <Language>1033</Language>
  </Languages>
</ImportExportXml>