<ImportExportXml version="9.2.23112.232" SolutionPackageVersion="9.2" languagecode="1033" generatedBy="CrmLive" xmlns:xsi="http://www.w3.org/2001/XMLSchema-instance">
  <SolutionManifest>
    <UniqueName>AIBuilderConsumptionManagement</UniqueName>
    <LocalizedNames>
      <LocalizedName description="AI Builder Consumption Management" languagecode="1033" />
    </LocalizedNames>
    <Descriptions />
    <Version>1.0.0.6</Version>
    <Managed>1</Managed>
    <Publisher>
      <UniqueName>VEH</UniqueName>
      <LocalizedNames>
        <LocalizedName description="VEH" languagecode="1033" />
      </LocalizedNames>
      <Descriptions />
      <EMailAddress xsi:nil="true"></EMailAddress>
      <SupportingWebsiteUrl xsi:nil="true"></SupportingWebsiteUrl>
      <CustomizationPrefix>veh</CustomizationPrefix>
      <CustomizationOptionValuePrefix>94857</CustomizationOptionValuePrefix>
      <Addresses>
        <Address>
          <AddressNumber>1</AddressNumber>
          <AddressTypeCode>1</AddressTypeCode>
          <City xsi:nil="true"></City>
          <County xsi:nil="true"></County>
          <Country xsi:nil="true"></Country>
          <Fax xsi:nil="true"></Fax>
          <FreightTermsCode xsi:nil="true"></FreightTermsCode>
          <ImportSequenceNumber xsi:nil="true"></ImportSequenceNumber>
          <Latitude xsi:nil="true"></Latitude>
          <Line1 xsi:nil="true"></Line1>
          <Line2 xsi:nil="true"></Line2>
          <Line3 xsi:nil="true"></Line3>
          <Longitude xsi:nil="true"></Longitude>
          <Name xsi:nil="true"></Name>
          <PostalCode xsi:nil="true"></PostalCode>
          <PostOfficeBox xsi:nil="true"></PostOfficeBox>
          <PrimaryContactName xsi:nil="true"></PrimaryContactName>
          <ShippingMethodCode>1</ShippingMethodCode>
          <StateOrProvince xsi:nil="true"></StateOrProvince>
          <Telephone1 xsi:nil="true"></Telephone1>
          <Telephone2 xsi:nil="true"></Telephone2>
          <Telephone3 xsi:nil="true"></Telephone3>
          <TimeZoneRuleVersionNumber xsi:nil="true"></TimeZoneRuleVersionNumber>
          <UPSZone xsi:nil="true"></UPSZone>
          <UTCOffset xsi:nil="true"></UTCOffset>
          <UTCConversionTimeZoneCode xsi:nil="true"></UTCConversionTimeZoneCode>
        </Address>
        <Address>
          <AddressNumber>2</AddressNumber>
          <AddressTypeCode>1</AddressTypeCode>
          <City xsi:nil="true"></City>
          <County xsi:nil="true"></County>
          <Country xsi:nil="true"></Country>
          <Fax xsi:nil="true"></Fax>
          <FreightTermsCode xsi:nil="true"></FreightTermsCode>
          <ImportSequenceNumber xsi:nil="true"></ImportSequenceNumber>
          <Latitude xsi:nil="true"></Latitude>
          <Line1 xsi:nil="true"></Line1>
          <Line2 xsi:nil="true"></Line2>
          <Line3 xsi:nil="true"></Line3>
          <Longitude xsi:nil="true"></Longitude>
          <Name xsi:nil="true"></Name>
          <PostalCode xsi:nil="true"></PostalCode>
          <PostOfficeBox xsi:nil="true"></PostOfficeBox>
          <PrimaryContactName xsi:nil="true"></PrimaryContactName>
          <ShippingMethodCode>1</ShippingMethodCode>
          <StateOrProvince xsi:nil="true"></StateOrProvince>
          <Telephone1 xsi:nil="true"></Telephone1>
          <Telephone2 xsi:nil="true"></Telephone2>
          <Telephone3 xsi:nil="true"></Telephone3>
          <TimeZoneRuleVersionNumber xsi:nil="true"></TimeZoneRuleVersionNumber>
          <UPSZone xsi:nil="true"></UPSZone>
          <UTCOffset xsi:nil="true"></UTCOffset>
          <UTCConversionTimeZoneCode xsi:nil="true"></UTCConversionTimeZoneCode>
        </Address>
      </Addresses>
    </Publisher>
    <RootComponents>
      <RootComponent type="1" schemaName="admin_aibuildermodel" behavior="1" />
      <RootComponent type="1" schemaName="admin_environment" behavior="1" />
      <RootComponent type="1" schemaName="admin_environmentaddons" behavior="1" />
      <RootComponent type="29" id="{0db159f8-d2b0-ee11-a568-001dd8067f77}" behavior="0" />
      <RootComponent type="29" id="{d8606a15-79ae-ee11-a568-001dd80ad82d}" behavior="0" />
      <RootComponent type="80" schemaName="admin_PowerPlatformAdminView" behavior="0" />
    </RootComponents>
    <MissingDependencies>
      <MissingDependency>
        <Required type="1" schemaName="admin_aibuildermodel" displayName="AiBuilderModel" solution="CenterofExcellenceCoreComponents (4.15)" />
        <Dependent type="1" schemaName="admin_aibuildermodel" displayName="AiBuilderModel" />
      </MissingDependency>
      <MissingDependency>
        <Required type="1" schemaName="admin_aibuildermodel" displayName="AiBuilderModel" solution="CenterofExcellenceCoreComponents (4.15)" />
        <Dependent type="2" schemaName="veh_creditsconsumed" displayName="Credits Consumed" parentSchemaName="admin_aibuildermodel" parentDisplayName="AiBuilderModel" />
      </MissingDependency>
      <MissingDependency>
        <Required type="1" schemaName="admin_aibuildermodel" displayName="AiBuilderModel" solution="CenterofExcellenceCoreComponents (4.15)" />
        <Dependent type="2" schemaName="veh_creditsconsumedlastupdated" displayName="Credits Consumed Last Updated" parentSchemaName="admin_aibuildermodel" parentDisplayName="AiBuilderModel" />
      </MissingDependency>
      <MissingDependency>
        <Required type="1" schemaName="admin_aibuildermodel" displayName="AiBuilderModel" solution="CenterofExcellenceCoreComponents (4.15)" />
        <Dependent type="2" schemaName="veh_creditsconsumedsince" displayName="Credits Consumed Since" parentSchemaName="admin_aibuildermodel" parentDisplayName="AiBuilderModel" />
      </MissingDependency>
      <MissingDependency>
        <Required type="1" schemaName="admin_aibuildermodel" displayName="AiBuilderModel" solution="CenterofExcellenceCoreComponents (4.15)" />
        <Dependent type="26" schemaName="AI Models Consumption" displayName="AI Models Consumption" parentSchemaName="admin_aibuildermodel" parentDisplayName="AiBuilderModel" id="{80e468e6-d1b0-ee11-a568-001dd80adbed}" />
      </MissingDependency>
      <MissingDependency>
        <Required type="1" schemaName="admin_aibuildermodel" displayName="AiBuilderModel" solution="CenterofExcellenceCoreComponents (4.15)" />
        <Dependent type="29" displayName="AI Builder Consumption Tenant Update" id="{d8606a15-79ae-ee11-a568-001dd80ad82d}" />
      </MissingDependency>
      <MissingDependency>
        <Required type="1" schemaName="admin_aibuildermodel" displayName="AiBuilderModel" solution="CenterofExcellenceCoreComponents (4.15)" />
        <Dependent type="60" displayName="AIBuilderModel" parentDisplayName="Environment" id="{a3e45466-d2b0-ee11-a568-001dd80ad05f}" />
      </MissingDependency>
      <MissingDependency>
        <Required type="1" schemaName="admin_aibuildermodel" displayName="AiBuilderModel" solution="CenterofExcellenceCoreComponents (4.15)" />
        <Dependent type="80" schemaName="admin_PowerPlatformAdminView" displayName="Power Platform Admin View" />
      </MissingDependency>
      <MissingDependency>
        <Required type="1" schemaName="admin_app" displayName="PowerApps App" solution="CenterofExcellenceCoreComponents (4.15)" />
        <Dependent type="80" schemaName="admin_PowerPlatformAdminView" displayName="Power Platform Admin View" />
      </MissingDependency>
      <MissingDependency>
        <Required type="1" schemaName="admin_appcatalogfeedback" displayName="App Catalog Feedback" solution="CenterofExcellenceCoreComponents (4.15)" />
        <Dependent type="80" schemaName="admin_PowerPlatformAdminView" displayName="Power Platform Admin View" />
      </MissingDependency>
      <MissingDependency>
        <Required type="1" schemaName="admin_auditlog" displayName="Audit Log" solution="CenterofExcellenceCoreComponents (4.15)" />
        <Dependent type="80" schemaName="admin_PowerPlatformAdminView" displayName="Power Platform Admin View" />
      </MissingDependency>
      <MissingDependency>
        <Required type="1" schemaName="admin_businessprocessflows" displayName="Business Process Flows" solution="CenterofExcellenceCoreComponents (4.15)" />
        <Dependent type="80" schemaName="admin_PowerPlatformAdminView" displayName="Power Platform Admin View" />
      </MissingDependency>
      <MissingDependency>
        <Required type="1" schemaName="admin_connectionreference" displayName="CoE Connection Reference" solution="CenterofExcellenceCoreComponents (4.15)" />
        <Dependent type="80" schemaName="admin_PowerPlatformAdminView" displayName="Power Platform Admin View" />
      </MissingDependency>
      <MissingDependency>
        <Required type="1" schemaName="admin_connectionreferenceidentity" displayName="Connection Reference Identity" solution="CenterofExcellenceCoreComponents (4.15)" />
        <Dependent type="80" schemaName="admin_PowerPlatformAdminView" displayName="Power Platform Admin View" />
      </MissingDependency>
      <MissingDependency>
        <Required type="1" schemaName="admin_connector" displayName="PowerApps Connector" solution="CenterofExcellenceCoreComponents (4.15)" />
        <Dependent type="80" schemaName="admin_PowerPlatformAdminView" displayName="Power Platform Admin View" />
      </MissingDependency>
      <MissingDependency>
        <Required type="1" schemaName="admin_desktopflowapprovalbpf" displayName="Desktop Flow Approval BPF" solution="CenterofExcellenceCoreComponents (4.15)" />
        <Dependent type="80" schemaName="admin_PowerPlatformAdminView" displayName="Power Platform Admin View" />
      </MissingDependency>
      <MissingDependency>
        <Required type="1" schemaName="admin_dlppolicy" displayName="DLP Policy" solution="CenterofExcellenceCoreComponents (4.15)" />
        <Dependent type="80" schemaName="admin_PowerPlatformAdminView" displayName="Power Platform Admin View" />
      </MissingDependency>
      <MissingDependency>
        <Required type="1" schemaName="admin_environment" displayName="Environment" solution="CenterofExcellenceCoreComponents (4.15)" />
        <Dependent type="1" schemaName="admin_environment" displayName="Environment" />
      </MissingDependency>
      <MissingDependency>
        <Required type="1" schemaName="admin_environmentaddons" displayName="Environment Addons" solution="CenterofExcellenceCoreComponents (4.15)" />
        <Dependent type="1" schemaName="admin_environmentaddons" displayName="Environment Addons" />
      </MissingDependency>
      <MissingDependency>
        <Required type="1" schemaName="admin_environmentaddons" displayName="Environment Addons" solution="CenterofExcellenceCoreComponents (4.15)" />
        <Dependent type="2" schemaName="veh_aibuilderoverage" displayName="AI Builder Overage" parentSchemaName="admin_environment" parentDisplayName="Environment" />
      </MissingDependency>
      <MissingDependency>
        <Required type="1" schemaName="admin_environmentaddons" displayName="Environment Addons" solution="CenterofExcellenceCoreComponents (4.15)" />
        <Dependent type="2" schemaName="veh_calculatedactualconsumptionlastupdate" displayName="Calculated Actual Consumption Last Update" parentSchemaName="admin_environmentaddons" parentDisplayName="Environment Addons" />
      </MissingDependency>
      <MissingDependency>
        <Required type="1" schemaName="admin_environmentaddons" displayName="Environment Addons" solution="CenterofExcellenceCoreComponents (4.15)" />
        <Dependent type="2" schemaName="veh_calculatedactualconsumptionstartdate" displayName="Calculated Actual Consumption Start Date" parentSchemaName="admin_environmentaddons" parentDisplayName="Environment Addons" />
      </MissingDependency>
      <MissingDependency>
        <Required type="1" schemaName="admin_environmentaddons" displayName="Environment Addons" solution="CenterofExcellenceCoreComponents (4.15)" />
        <Dependent type="2" schemaName="veh_calculatedactualconsumptionthismonth" displayName="Calculated Actual Consumption This Month" parentSchemaName="admin_environmentaddons" parentDisplayName="Environment Addons" />
      </MissingDependency>
      <MissingDependency>
        <Required type="1" schemaName="admin_environmentaddons" displayName="Environment Addons" solution="CenterofExcellenceCoreComponents (4.15)" />
        <Dependent type="2" schemaName="veh_calculatedoveragethismonth" displayName="Calculated Overage This Month" parentSchemaName="admin_environmentaddons" parentDisplayName="Environment Addons" />
      </MissingDependency>
      <MissingDependency>
        <Required type="1" schemaName="admin_environmentaddons" displayName="Environment Addons" solution="CenterofExcellenceCoreComponents (4.15)" />
        <Dependent type="26" schemaName="AI Environment Add-Ons" displayName="AI Environment Add-Ons" parentSchemaName="admin_environmentaddons" parentDisplayName="Environment Addons" id="{e4e86d12-cfb0-ee11-a568-001dd8067f77}" />
      </MissingDependency>
      <MissingDependency>
        <Required type="1" schemaName="admin_environmentaddons" displayName="Environment Addons" solution="CenterofExcellenceCoreComponents (4.15)" />
        <Dependent type="29" displayName="Visibility Calc Usage Fields" id="{0db159f8-d2b0-ee11-a568-001dd8067f77}" />
      </MissingDependency>
      <MissingDependency>
        <Required type="1" schemaName="admin_environmentaddons" displayName="Environment Addons" solution="CenterofExcellenceCoreComponents (4.15)" />
        <Dependent type="29" displayName="AI Builder Consumption Tenant Update" id="{d8606a15-79ae-ee11-a568-001dd80ad82d}" />
      </MissingDependency>
      <MissingDependency>
        <Required type="1" schemaName="admin_environmentaddons" displayName="Environment Addons" solution="CenterofExcellenceCoreComponents (4.15)" />
        <Dependent type="80" schemaName="admin_PowerPlatformAdminView" displayName="Power Platform Admin View" />
      </MissingDependency>
      <MissingDependency>
        <Required type="1" schemaName="admin_environmentbusinessarea" displayName="Environment Business Area" solution="CenterofExcellenceCoreComponents (4.15)" />
        <Dependent type="80" schemaName="admin_PowerPlatformAdminView" displayName="Power Platform Admin View" />
      </MissingDependency>
      <MissingDependency>
        <Required type="1" schemaName="admin_environmentcapacity" displayName="Environment Capacity" solution="CenterofExcellenceCoreComponents (4.15)" />
        <Dependent type="80" schemaName="admin_PowerPlatformAdminView" displayName="Power Platform Admin View" />
      </MissingDependency>
      <MissingDependency>
        <Required type="1" schemaName="admin_environmentsecurityrolepermission" displayName="Environment Security Role Permission" solution="CenterofExcellenceCoreComponents (4.15)" />
        <Dependent type="80" schemaName="admin_PowerPlatformAdminView" displayName="Power Platform Admin View" />
      </MissingDependency>
      <MissingDependency>
        <Required type="1" schemaName="admin_flow" displayName="Flow" solution="CenterofExcellenceCoreComponents (4.15)" />
        <Dependent type="80" schemaName="admin_PowerPlatformAdminView" displayName="Power Platform Admin View" />
      </MissingDependency>
      <MissingDependency>
        <Required type="1" schemaName="admin_maker" displayName="Maker" solution="CenterofExcellenceCoreComponents (4.15)" />
        <Dependent type="80" schemaName="admin_PowerPlatformAdminView" displayName="Power Platform Admin View" />
      </MissingDependency>
      <MissingDependency>
        <Required type="1" schemaName="admin_portal" displayName="Power Pages Site" solution="CenterofExcellenceCoreComponents (4.15)" />
        <Dependent type="80" schemaName="admin_PowerPlatformAdminView" displayName="Power Platform Admin View" />
      </MissingDependency>
      <MissingDependency>
        <Required type="1" schemaName="admin_powerplatformuser" displayName="Power Platform User" solution="CenterofExcellenceCoreComponents (4.15)" />
        <Dependent type="80" schemaName="admin_PowerPlatformAdminView" displayName="Power Platform Admin View" />
      </MissingDependency>
      <MissingDependency>
        <Required type="1" schemaName="admin_pva" displayName="PVA Bot" solution="CenterofExcellenceCoreComponents (4.15)" />
        <Dependent type="80" schemaName="admin_PowerPlatformAdminView" displayName="Power Platform Admin View" />
      </MissingDependency>
      <MissingDependency>
        <Required type="1" schemaName="admin_pvabotusage" displayName="PVA Bot Usage" solution="CenterofExcellenceCoreComponents (4.15)" />
        <Dependent type="80" schemaName="admin_PowerPlatformAdminView" displayName="Power Platform Admin View" />
      </MissingDependency>
      <MissingDependency>
        <Required type="1" schemaName="admin_rpa" displayName="Desktop flow" solution="CenterofExcellenceCoreComponents (4.15)" />
        <Dependent type="80" schemaName="admin_PowerPlatformAdminView" displayName="Power Platform Admin View" />
      </MissingDependency>
      <MissingDependency>
        <Required type="1" schemaName="admin_solution" displayName="Power Platform Solution" solution="CenterofExcellenceCoreComponents (4.15)" />
        <Dependent type="80" schemaName="admin_PowerPlatformAdminView" displayName="Power Platform Admin View" />
      </MissingDependency>
      <MissingDependency>
        <Required type="1" schemaName="coe_dlppolicychangerequest" displayName="DLP Policy Change Request" solution="CenterofExcellenceCoreComponents (4.15)" />
        <Dependent type="80" schemaName="admin_PowerPlatformAdminView" displayName="Power Platform Admin View" />
      </MissingDependency>
      <MissingDependency>
        <Required type="1" schemaName="coe_environmentcreationrequest" displayName="Environment Creation Request" solution="CenterofExcellenceCoreComponents (4.15)" />
        <Dependent type="80" schemaName="admin_PowerPlatformAdminView" displayName="Power Platform Admin View" />
      </MissingDependency>
      <MissingDependency>
        <Required type="1" schemaName="new_bpf_ffa183a676d64ec9aee6a558129651a2" displayName="PowerApps App Approval BPF" solution="CenterofExcellenceCoreComponents (4.15)" />
        <Dependent type="80" schemaName="admin_PowerPlatformAdminView" displayName="Power Platform Admin View" />
      </MissingDependency>
      <MissingDependency>
        <Required type="1" schemaName="new_chatbotapprovalbpf" displayName="Chatbot Approval BPF" solution="CenterofExcellenceCoreComponents (4.15)" />
        <Dependent type="80" schemaName="admin_PowerPlatformAdminView" displayName="Power Platform Admin View" />
      </MissingDependency>
      <MissingDependency>
        <Required type="1" schemaName="new_customconnecterapprovalbpf" displayName="Custom Connecter Approval BPF" solution="CenterofExcellenceCoreComponents (4.15)" />
        <Dependent type="80" schemaName="admin_PowerPlatformAdminView" displayName="Power Platform Admin View" />
      </MissingDependency>
      <MissingDependency>
        <Required type="1" schemaName="new_environmentapprovalbpf" displayName="Microsoft Teams Environment Approval BPF" solution="CenterofExcellenceCoreComponents (4.15)" />
        <Dependent type="80" schemaName="admin_PowerPlatformAdminView" displayName="Power Platform Admin View" />
      </MissingDependency>
      <MissingDependency>
        <Required type="1" schemaName="new_flowapprovalbpf" displayName="Flow Approval BPF" solution="CenterofExcellenceCoreComponents (4.15)" />
        <Dependent type="80" schemaName="admin_PowerPlatformAdminView" displayName="Power Platform Admin View" />
      </MissingDependency>
      <MissingDependency>
        <Required type="10" schemaName="admin_admin_aibuildermodel_AiCreator_admin_make" displayName="admin_admin_aibuildermodel_AiCreator_admin_make" parentSchemaName="admin_aibuildermodel" parentDisplayName="AiBuilderModel" solution="CenterofExcellenceCoreComponents (4.15)" />
        <Dependent type="60" displayName="Information" parentDisplayName="AiBuilderModel" id="{7dd4e82c-5470-467f-a3a0-2daf0d4dd0ab}" />
      </MissingDependency>
      <MissingDependency>
        <Required type="10" schemaName="admin_admin_aibuildermodel_AiEnvironment_admin_" displayName="admin_admin_aibuildermodel_AiEnvironment_admin_" parentSchemaName="admin_aibuildermodel" parentDisplayName="AiBuilderModel" solution="CenterofExcellenceCoreComponents (4.15)" />
        <Dependent type="60" displayName="Information" parentDisplayName="AiBuilderModel" id="{7dd4e82c-5470-467f-a3a0-2daf0d4dd0ab}" />
      </MissingDependency>
      <MissingDependency>
        <Required type="10" schemaName="admin_admin_aibuildermodel_AiEnvironment_admin_" displayName="admin_admin_aibuildermodel_AiEnvironment_admin_" parentSchemaName="admin_aibuildermodel" parentDisplayName="AiBuilderModel" solution="CenterofExcellenceCoreComponents (4.15)" />
        <Dependent type="60" displayName="AIBuilderModel" parentDisplayName="Environment" id="{a3e45466-d2b0-ee11-a568-001dd80ad05f}" />
      </MissingDependency>
      <MissingDependency>
        <Required type="10" schemaName="admin_EnvironmentAddons_Environment_admin" displayName="admin_EnvironmentAddons_Environment_admin" parentSchemaName="admin_environmentaddons" parentDisplayName="Environment Addons" solution="CenterofExcellenceCoreComponents (4.15)" />
        <Dependent type="2" schemaName="veh_aibuilderoverage" displayName="AI Builder Overage" parentSchemaName="admin_environment" parentDisplayName="Environment" />
      </MissingDependency>
      <MissingDependency>
        <Required type="10" schemaName="admin_EnvironmentAddons_Environment_admin" displayName="admin_EnvironmentAddons_Environment_admin" parentSchemaName="admin_environmentaddons" parentDisplayName="Environment Addons" solution="CenterofExcellenceCoreComponents (4.15)" />
        <Dependent type="60" displayName="Information" parentDisplayName="Environment Addons" id="{532c5355-4487-44de-ba92-b47c61b5c008}" />
      </MissingDependency>
      <MissingDependency>
        <Required type="2" schemaName="admin_aibuildermodelid" displayName="AiBuilderModel" parentSchemaName="admin_aibuildermodel" parentDisplayName="AiBuilderModel" solution="CenterofExcellenceCoreComponents (4.15)" />
        <Dependent type="26" schemaName="AI Models Consumption" displayName="AI Models Consumption" parentSchemaName="admin_aibuildermodel" parentDisplayName="AiBuilderModel" id="{80e468e6-d1b0-ee11-a568-001dd80adbed}" />
      </MissingDependency>
      <MissingDependency>
        <Required type="2" schemaName="admin_aicreatedon" displayName="Ai Created On" parentSchemaName="admin_aibuildermodel" parentDisplayName="AiBuilderModel" solution="CenterofExcellenceCoreComponents (4.15)" />
        <Dependent type="60" displayName="Information" parentDisplayName="AiBuilderModel" id="{7dd4e82c-5470-467f-a3a0-2daf0d4dd0ab}" />
      </MissingDependency>
      <MissingDependency>
        <Required type="2" schemaName="admin_aicreator" displayName="Ai Creator" parentSchemaName="admin_aibuildermodel" parentDisplayName="AiBuilderModel" solution="CenterofExcellenceCoreComponents (4.15)" />
        <Dependent type="26" schemaName="AI Models Consumption" displayName="AI Models Consumption" parentSchemaName="admin_aibuildermodel" parentDisplayName="AiBuilderModel" id="{80e468e6-d1b0-ee11-a568-001dd80adbed}" />
      </MissingDependency>
      <MissingDependency>
        <Required type="2" schemaName="admin_aicreator" displayName="Ai Creator" parentSchemaName="admin_aibuildermodel" parentDisplayName="AiBuilderModel" solution="CenterofExcellenceCoreComponents (4.15)" />
        <Dependent type="60" displayName="Information" parentDisplayName="AiBuilderModel" id="{7dd4e82c-5470-467f-a3a0-2daf0d4dd0ab}" />
      </MissingDependency>
      <MissingDependency>
        <Required type="2" schemaName="admin_aideleted" displayName="Ai Deleted" parentSchemaName="admin_aibuildermodel" parentDisplayName="AiBuilderModel" solution="CenterofExcellenceCoreComponents (4.15)" />
        <Dependent type="26" schemaName="AI Models Consumption" displayName="AI Models Consumption" parentSchemaName="admin_aibuildermodel" parentDisplayName="AiBuilderModel" id="{80e468e6-d1b0-ee11-a568-001dd80adbed}" />
      </MissingDependency>
      <MissingDependency>
        <Required type="2" schemaName="admin_aideleted" displayName="Ai Deleted" parentSchemaName="admin_aibuildermodel" parentDisplayName="AiBuilderModel" solution="CenterofExcellenceCoreComponents (4.15)" />
        <Dependent type="60" displayName="Information" parentDisplayName="AiBuilderModel" id="{7dd4e82c-5470-467f-a3a0-2daf0d4dd0ab}" />
      </MissingDependency>
      <MissingDependency>
        <Required type="2" schemaName="admin_aideletedon" displayName="Ai Deleted On" parentSchemaName="admin_aibuildermodel" parentDisplayName="AiBuilderModel" solution="CenterofExcellenceCoreComponents (4.15)" />
        <Dependent type="60" displayName="Information" parentDisplayName="AiBuilderModel" id="{7dd4e82c-5470-467f-a3a0-2daf0d4dd0ab}" />
      </MissingDependency>
      <MissingDependency>
        <Required type="2" schemaName="admin_aienvironment" displayName="Ai Environment" parentSchemaName="admin_aibuildermodel" parentDisplayName="AiBuilderModel" solution="CenterofExcellenceCoreComponents (4.15)" />
        <Dependent type="26" schemaName="AI Models Consumption" displayName="AI Models Consumption" parentSchemaName="admin_aibuildermodel" parentDisplayName="AiBuilderModel" id="{80e468e6-d1b0-ee11-a568-001dd80adbed}" />
      </MissingDependency>
      <MissingDependency>
        <Required type="2" schemaName="admin_aienvironment" displayName="Ai Environment" parentSchemaName="admin_aibuildermodel" parentDisplayName="AiBuilderModel" solution="CenterofExcellenceCoreComponents (4.15)" />
        <Dependent type="60" displayName="Information" parentDisplayName="AiBuilderModel" id="{7dd4e82c-5470-467f-a3a0-2daf0d4dd0ab}" />
      </MissingDependency>
      <MissingDependency>
        <Required type="2" schemaName="admin_aiismanaged" displayName="Ai is Managed" parentSchemaName="admin_aibuildermodel" parentDisplayName="AiBuilderModel" solution="CenterofExcellenceCoreComponents (4.15)" />
        <Dependent type="60" displayName="Information" parentDisplayName="AiBuilderModel" id="{7dd4e82c-5470-467f-a3a0-2daf0d4dd0ab}" />
      </MissingDependency>
      <MissingDependency>
        <Required type="2" schemaName="admin_aiisorphaned" displayName="Ai is Orphaned" parentSchemaName="admin_aibuildermodel" parentDisplayName="AiBuilderModel" solution="CenterofExcellenceCoreComponents (4.15)" />
        <Dependent type="60" displayName="Information" parentDisplayName="AiBuilderModel" id="{7dd4e82c-5470-467f-a3a0-2daf0d4dd0ab}" />
      </MissingDependency>
      <MissingDependency>
        <Required type="2" schemaName="admin_ailastused" displayName="Ai Last Used" parentSchemaName="admin_aibuildermodel" parentDisplayName="AiBuilderModel" solution="CenterofExcellenceCoreComponents (4.15)" />
        <Dependent type="26" schemaName="AI Models Consumption" displayName="AI Models Consumption" parentSchemaName="admin_aibuildermodel" parentDisplayName="AiBuilderModel" id="{80e468e6-d1b0-ee11-a568-001dd80adbed}" />
      </MissingDependency>
      <MissingDependency>
        <Required type="2" schemaName="admin_ailastused" displayName="Ai Last Used" parentSchemaName="admin_aibuildermodel" parentDisplayName="AiBuilderModel" solution="CenterofExcellenceCoreComponents (4.15)" />
        <Dependent type="60" displayName="Information" parentDisplayName="AiBuilderModel" id="{7dd4e82c-5470-467f-a3a0-2daf0d4dd0ab}" />
      </MissingDependency>
      <MissingDependency>
        <Required type="2" schemaName="admin_aimodifiedon" displayName="Ai Modified On" parentSchemaName="admin_aibuildermodel" parentDisplayName="AiBuilderModel" solution="CenterofExcellenceCoreComponents (4.15)" />
        <Dependent type="60" displayName="Information" parentDisplayName="AiBuilderModel" id="{7dd4e82c-5470-467f-a3a0-2daf0d4dd0ab}" />
      </MissingDependency>
      <MissingDependency>
        <Required type="2" schemaName="admin_aistate" displayName="Ai State" parentSchemaName="admin_aibuildermodel" parentDisplayName="AiBuilderModel" solution="CenterofExcellenceCoreComponents (4.15)" />
        <Dependent type="60" displayName="Information" parentDisplayName="AiBuilderModel" id="{7dd4e82c-5470-467f-a3a0-2daf0d4dd0ab}" />
      </MissingDependency>
      <MissingDependency>
        <Required type="2" schemaName="admin_aistatus" displayName="Ai Status" parentSchemaName="admin_aibuildermodel" parentDisplayName="AiBuilderModel" solution="CenterofExcellenceCoreComponents (4.15)" />
        <Dependent type="26" schemaName="AI Models Consumption" displayName="AI Models Consumption" parentSchemaName="admin_aibuildermodel" parentDisplayName="AiBuilderModel" id="{80e468e6-d1b0-ee11-a568-001dd80adbed}" />
      </MissingDependency>
      <MissingDependency>
        <Required type="2" schemaName="admin_aistatus" displayName="Ai Status" parentSchemaName="admin_aibuildermodel" parentDisplayName="AiBuilderModel" solution="CenterofExcellenceCoreComponents (4.15)" />
        <Dependent type="60" displayName="Information" parentDisplayName="AiBuilderModel" id="{7dd4e82c-5470-467f-a3a0-2daf0d4dd0ab}" />
      </MissingDependency>
      <MissingDependency>
        <Required type="2" schemaName="admin_aitemplate" displayName="Ai Template" parentSchemaName="admin_aibuildermodel" parentDisplayName="AiBuilderModel" solution="CenterofExcellenceCoreComponents (4.15)" />
        <Dependent type="26" schemaName="AI Models Consumption" displayName="AI Models Consumption" parentSchemaName="admin_aibuildermodel" parentDisplayName="AiBuilderModel" id="{80e468e6-d1b0-ee11-a568-001dd80adbed}" />
      </MissingDependency>
      <MissingDependency>
        <Required type="2" schemaName="admin_aitemplate" displayName="Ai Template" parentSchemaName="admin_aibuildermodel" parentDisplayName="AiBuilderModel" solution="CenterofExcellenceCoreComponents (4.15)" />
        <Dependent type="60" displayName="Information" parentDisplayName="AiBuilderModel" id="{7dd4e82c-5470-467f-a3a0-2daf0d4dd0ab}" />
      </MissingDependency>
      <MissingDependency>
        <Required type="2" schemaName="admin_name" displayName="Name" parentSchemaName="admin_aibuildermodel" parentDisplayName="AiBuilderModel" solution="CenterofExcellenceCoreComponents (4.15)" />
        <Dependent type="26" schemaName="AI Models Consumption" displayName="AI Models Consumption" parentSchemaName="admin_aibuildermodel" parentDisplayName="AiBuilderModel" id="{80e468e6-d1b0-ee11-a568-001dd80adbed}" />
      </MissingDependency>
      <MissingDependency>
        <Required type="2" schemaName="admin_name" displayName="Name" parentSchemaName="admin_aibuildermodel" parentDisplayName="AiBuilderModel" solution="CenterofExcellenceCoreComponents (4.15)" />
        <Dependent type="60" displayName="Information" parentDisplayName="AiBuilderModel" id="{7dd4e82c-5470-467f-a3a0-2daf0d4dd0ab}" />
      </MissingDependency>
      <MissingDependency>
        <Required type="2" schemaName="ownerid" displayName="Owner" parentSchemaName="admin_aibuildermodel" parentDisplayName="AiBuilderModel" solution="Active" />
        <Dependent type="60" displayName="Information" parentDisplayName="AiBuilderModel" id="{7dd4e82c-5470-467f-a3a0-2daf0d4dd0ab}" />
      </MissingDependency>
      <MissingDependency>
        <Required type="2" schemaName="admin_displayname" displayName="Display Name" parentSchemaName="admin_environment" parentDisplayName="Environment" solution="CenterofExcellenceCoreComponents (4.15)" />
        <Dependent type="26" schemaName="Environments AI Builder Overages" displayName="Environments AI Builder Overages" parentSchemaName="admin_environment" parentDisplayName="Environment" id="{7c9bac40-d5b0-ee11-a568-001dd80ad82d}" />
      </MissingDependency>
      <MissingDependency>
        <Required type="2" schemaName="admin_environmentdeleted" displayName="Environment Deleted" parentSchemaName="admin_environment" parentDisplayName="Environment" solution="CenterofExcellenceCoreComponents (4.15)" />
        <Dependent type="26" schemaName="Environments AI Builder Overages" displayName="Environments AI Builder Overages" parentSchemaName="admin_environment" parentDisplayName="Environment" id="{7c9bac40-d5b0-ee11-a568-001dd80ad82d}" />
      </MissingDependency>
      <MissingDependency>
        <Required type="2" schemaName="admin_environmentid" displayName="Environment" parentSchemaName="admin_environment" parentDisplayName="Environment" solution="CenterofExcellenceCoreComponents (4.15)" />
        <Dependent type="26" schemaName="Environments AI Builder Overages" displayName="Environments AI Builder Overages" parentSchemaName="admin_environment" parentDisplayName="Environment" id="{7c9bac40-d5b0-ee11-a568-001dd80ad82d}" />
      </MissingDependency>
      <MissingDependency>
        <Required type="2" schemaName="admin_environmentsku" displayName="Environment Sku" parentSchemaName="admin_environment" parentDisplayName="Environment" solution="CenterofExcellenceCoreComponents (4.15)" />
        <Dependent type="26" schemaName="Environments AI Builder Overages" displayName="Environments AI Builder Overages" parentSchemaName="admin_environment" parentDisplayName="Environment" id="{7c9bac40-d5b0-ee11-a568-001dd80ad82d}" />
      </MissingDependency>
      <MissingDependency>
        <Required type="2" schemaName="admin_excusefrominventory" displayName="Excuse From Inventory" parentSchemaName="admin_environment" parentDisplayName="Environment" solution="CenterofExcellenceCoreComponents (4.15)" />
        <Dependent type="26" schemaName="Environments AI Builder Overages" displayName="Environments AI Builder Overages" parentSchemaName="admin_environment" parentDisplayName="Environment" id="{7c9bac40-d5b0-ee11-a568-001dd80ad82d}" />
      </MissingDependency>
      <MissingDependency>
        <Required type="2" schemaName="admin_maker" displayName="Environment Maker" parentSchemaName="admin_environment" parentDisplayName="Environment" solution="CenterofExcellenceCoreComponents (4.15)" />
        <Dependent type="26" schemaName="Environments AI Builder Overages" displayName="Environments AI Builder Overages" parentSchemaName="admin_environment" parentDisplayName="Environment" id="{7c9bac40-d5b0-ee11-a568-001dd80ad82d}" />
      </MissingDependency>
      <MissingDependency>
        <Required type="2" schemaName="statecode" displayName="Status" parentSchemaName="admin_environment" parentDisplayName="Environment" solution="CenterofExcellenceCoreComponents (4.15)" />
        <Dependent type="26" schemaName="Environments AI Builder Overages" displayName="Environments AI Builder Overages" parentSchemaName="admin_environment" parentDisplayName="Environment" id="{7c9bac40-d5b0-ee11-a568-001dd80ad82d}" />
      </MissingDependency>
      <MissingDependency>
        <Required type="2" schemaName="admin_addontype" displayName="Add-On Type" parentSchemaName="admin_environmentaddons" parentDisplayName="Environment Addons" solution="CenterofExcellenceCoreComponents (4.15)" />
        <Dependent type="2" schemaName="veh_aibuilderoverage" displayName="AI Builder Overage" parentSchemaName="admin_environment" parentDisplayName="Environment" />
      </MissingDependency>
      <MissingDependency>
        <Required type="2" schemaName="admin_addontype" displayName="Add-On Type" parentSchemaName="admin_environmentaddons" parentDisplayName="Environment Addons" solution="CenterofExcellenceCoreComponents (4.15)" />
        <Dependent type="26" schemaName="AI Environment Add-Ons" displayName="AI Environment Add-Ons" parentSchemaName="admin_environmentaddons" parentDisplayName="Environment Addons" id="{e4e86d12-cfb0-ee11-a568-001dd8067f77}" />
      </MissingDependency>
      <MissingDependency>
        <Required type="2" schemaName="admin_addontype" displayName="Add-On Type" parentSchemaName="admin_environmentaddons" parentDisplayName="Environment Addons" solution="CenterofExcellenceCoreComponents (4.15)" />
        <Dependent type="29" displayName="Visibility Calc Usage Fields" id="{0db159f8-d2b0-ee11-a568-001dd8067f77}" />
      </MissingDependency>
      <MissingDependency>
        <Required type="2" schemaName="admin_addontype" displayName="Add-On Type" parentSchemaName="admin_environmentaddons" parentDisplayName="Environment Addons" solution="CenterofExcellenceCoreComponents (4.15)" />
        <Dependent type="60" displayName="Information" parentDisplayName="Environment Addons" id="{532c5355-4487-44de-ba92-b47c61b5c008}" />
      </MissingDependency>
      <MissingDependency>
        <Required type="2" schemaName="admin_allocated" displayName="Allocated" parentSchemaName="admin_environmentaddons" parentDisplayName="Environment Addons" solution="CenterofExcellenceCoreComponents (4.15)" />
        <Dependent type="2" schemaName="veh_calculatedoveragethismonth" displayName="Calculated Overage This Month" parentSchemaName="admin_environmentaddons" parentDisplayName="Environment Addons" />
      </MissingDependency>
      <MissingDependency>
        <Required type="2" schemaName="admin_allocated" displayName="Allocated" parentSchemaName="admin_environmentaddons" parentDisplayName="Environment Addons" solution="CenterofExcellenceCoreComponents (4.15)" />
        <Dependent type="26" schemaName="AI Environment Add-Ons" displayName="AI Environment Add-Ons" parentSchemaName="admin_environmentaddons" parentDisplayName="Environment Addons" id="{e4e86d12-cfb0-ee11-a568-001dd8067f77}" />
      </MissingDependency>
      <MissingDependency>
        <Required type="2" schemaName="admin_allocated" displayName="Allocated" parentSchemaName="admin_environmentaddons" parentDisplayName="Environment Addons" solution="CenterofExcellenceCoreComponents (4.15)" />
        <Dependent type="60" displayName="Information" parentDisplayName="Environment Addons" id="{532c5355-4487-44de-ba92-b47c61b5c008}" />
      </MissingDependency>
      <MissingDependency>
        <Required type="2" schemaName="admin_consumedlastmonth" displayName="Actual Consumption" parentSchemaName="admin_environmentaddons" parentDisplayName="Environment Addons" solution="CenterofExcellenceCoreComponents (4.15)" />
        <Dependent type="60" displayName="Information" parentDisplayName="Environment Addons" id="{532c5355-4487-44de-ba92-b47c61b5c008}" />
      </MissingDependency>
      <MissingDependency>
        <Required type="2" schemaName="admin_environment" displayName="Environment" parentSchemaName="admin_environmentaddons" parentDisplayName="Environment Addons" solution="CenterofExcellenceCoreComponents (4.15)" />
        <Dependent type="26" schemaName="AI Environment Add-Ons" displayName="AI Environment Add-Ons" parentSchemaName="admin_environmentaddons" parentDisplayName="Environment Addons" id="{e4e86d12-cfb0-ee11-a568-001dd8067f77}" />
      </MissingDependency>
      <MissingDependency>
        <Required type="2" schemaName="admin_environment" displayName="Environment" parentSchemaName="admin_environmentaddons" parentDisplayName="Environment Addons" solution="CenterofExcellenceCoreComponents (4.15)" />
        <Dependent type="60" displayName="Information" parentDisplayName="Environment Addons" id="{532c5355-4487-44de-ba92-b47c61b5c008}" />
      </MissingDependency>
      <MissingDependency>
        <Required type="2" schemaName="admin_environmentaddonsid" displayName="Environment Addons" parentSchemaName="admin_environmentaddons" parentDisplayName="Environment Addons" solution="CenterofExcellenceCoreComponents (4.15)" />
        <Dependent type="2" schemaName="veh_aibuilderoverage" displayName="AI Builder Overage" parentSchemaName="admin_environment" parentDisplayName="Environment" />
      </MissingDependency>
      <MissingDependency>
        <Required type="2" schemaName="admin_environmentaddonsid" displayName="Environment Addons" parentSchemaName="admin_environmentaddons" parentDisplayName="Environment Addons" solution="CenterofExcellenceCoreComponents (4.15)" />
        <Dependent type="2" schemaName="veh_calculatedoveragethismonth" displayName="Calculated Overage This Month" parentSchemaName="admin_environmentaddons" parentDisplayName="Environment Addons" />
      </MissingDependency>
      <MissingDependency>
        <Required type="2" schemaName="admin_environmentaddonsid" displayName="Environment Addons" parentSchemaName="admin_environmentaddons" parentDisplayName="Environment Addons" solution="CenterofExcellenceCoreComponents (4.15)" />
        <Dependent type="26" schemaName="AI Environment Add-Ons" displayName="AI Environment Add-Ons" parentSchemaName="admin_environmentaddons" parentDisplayName="Environment Addons" id="{e4e86d12-cfb0-ee11-a568-001dd8067f77}" />
      </MissingDependency>
      <MissingDependency>
        <Required type="2" schemaName="admin_environmentaddonsid" displayName="Environment Addons" parentSchemaName="admin_environmentaddons" parentDisplayName="Environment Addons" solution="CenterofExcellenceCoreComponents (4.15)" />
        <Dependent type="29" displayName="Visibility Calc Usage Fields" id="{0db159f8-d2b0-ee11-a568-001dd8067f77}" />
      </MissingDependency>
      <MissingDependency>
        <Required type="2" schemaName="admin_percentage" displayName="%" parentSchemaName="admin_environmentaddons" parentDisplayName="Environment Addons" solution="CenterofExcellenceCoreComponents (4.15)" />
        <Dependent type="60" displayName="Information" parentDisplayName="Environment Addons" id="{532c5355-4487-44de-ba92-b47c61b5c008}" />
      </MissingDependency>
      <MissingDependency>
        <Required type="2" schemaName="admin_unit" displayName="Unit" parentSchemaName="admin_environmentaddons" parentDisplayName="Environment Addons" solution="CenterofExcellenceCoreComponents (4.15)" />
        <Dependent type="60" displayName="Information" parentDisplayName="Environment Addons" id="{532c5355-4487-44de-ba92-b47c61b5c008}" />
      </MissingDependency>
      <MissingDependency>
        <Required type="2" schemaName="ownerid" displayName="Owner" parentSchemaName="admin_environmentaddons" parentDisplayName="Environment Addons" solution="Active" />
        <Dependent type="60" displayName="Information" parentDisplayName="Environment Addons" id="{532c5355-4487-44de-ba92-b47c61b5c008}" />
      </MissingDependency>
      <MissingDependency>
        <Required type="2" schemaName="statecode" displayName="Status" parentSchemaName="admin_environmentaddons" parentDisplayName="Environment Addons" solution="CenterofExcellenceCoreComponents (4.15)" />
        <Dependent type="26" schemaName="AI Environment Add-Ons" displayName="AI Environment Add-Ons" parentSchemaName="admin_environmentaddons" parentDisplayName="Environment Addons" id="{e4e86d12-cfb0-ee11-a568-001dd8067f77}" />
      </MissingDependency>
      <MissingDependency>
        <Required type="26" schemaName="Compliance - Requested" displayName="Compliance - Requested" parentSchemaName="admin_connector" parentDisplayName="PowerApps Connector" solution="CenterofExcellenceCoreComponents (4.15)" id="{074a58bd-0636-ec11-b6e6-000d3a5574a2}" />
        <Dependent type="80" schemaName="admin_PowerPlatformAdminView" displayName="Power Platform Admin View" />
      </MissingDependency>
      <MissingDependency>
        <Required type="26" schemaName="Active Connection References" displayName="Active Connection References" parentSchemaName="admin_connectionreference" parentDisplayName="CoE Connection Reference" solution="CenterofExcellenceCoreComponents (4.15)" id="{0efcdf8f-7a1c-414e-aeb0-3c5590da39bb}" />
        <Dependent type="80" schemaName="admin_PowerPlatformAdminView" displayName="Power Platform Admin View" />
      </MissingDependency>
      <MissingDependency>
        <Required type="26" schemaName="Abandoned Flows" displayName="Abandoned Flows" parentSchemaName="admin_flow" parentDisplayName="Flow" solution="CenterofExcellenceCoreComponents (4.15)" id="{1471c348-7b87-e911-a856-000d3a372932}" />
        <Dependent type="80" schemaName="admin_PowerPlatformAdminView" displayName="Power Platform Admin View" />
      </MissingDependency>
      <MissingDependency>
        <Required type="26" schemaName="Environment Lookup View" displayName="Environment Lookup View" parentSchemaName="admin_environment" parentDisplayName="Environment" solution="CenterofExcellenceCoreComponents (4.15)" id="{16c8f393-8e98-4318-a2d3-0fec847c0c7b}" />
        <Dependent type="80" schemaName="admin_PowerPlatformAdminView" displayName="Power Platform Admin View" />
      </MissingDependency>
      <MissingDependency>
        <Required type="26" schemaName="Deleted Environments Review" displayName="Deleted Environments Review" parentSchemaName="admin_environment" parentDisplayName="Environment" solution="CenterofExcellenceCoreComponents (4.15)" id="{1e43eb00-0128-eb11-a813-000d3a1bb495}" />
        <Dependent type="80" schemaName="admin_PowerPlatformAdminView" displayName="Power Platform Admin View" />
      </MissingDependency>
      <MissingDependency>
        <Required type="26" schemaName="Requests for New Environments" displayName="Requests for New Environments" parentSchemaName="coe_environmentcreationrequest" parentDisplayName="Environment Creation Request" solution="CenterofExcellenceCoreComponents (4.15)" id="{2c33a4eb-fd8c-eb11-a812-000d3a1f6a72}" />
        <Dependent type="80" schemaName="admin_PowerPlatformAdminView" displayName="Power Platform Admin View" />
      </MissingDependency>
      <MissingDependency>
        <Required type="26" schemaName="Maker Lookup View" displayName="Maker Lookup View" parentSchemaName="admin_maker" parentDisplayName="Maker" solution="CenterofExcellenceCoreComponents (4.15)" id="{32cb5052-a761-447d-b592-5641a097a171}" />
        <Dependent type="80" schemaName="admin_PowerPlatformAdminView" displayName="Power Platform Admin View" />
      </MissingDependency>
      <MissingDependency>
        <Required type="26" schemaName="Compliance - Completed" displayName="Compliance - Completed" parentSchemaName="admin_flow" parentDisplayName="Flow" solution="CenterofExcellenceCoreComponents (4.15)" id="{348bcab5-0536-ec11-b6e6-000d3a5574a2}" />
        <Dependent type="80" schemaName="admin_PowerPlatformAdminView" displayName="Power Platform Admin View" />
      </MissingDependency>
      <MissingDependency>
        <Required type="26" schemaName="Power Apps Portal Advanced Find View" displayName="Power Apps Portal Advanced Find View" parentSchemaName="admin_portal" parentDisplayName="Power Pages Site" solution="CenterofExcellenceCoreComponents (4.15)" id="{389fdee7-cf75-4b4e-a0b4-38858bc701b0}" />
        <Dependent type="80" schemaName="admin_PowerPlatformAdminView" displayName="Power Platform Admin View" />
      </MissingDependency>
      <MissingDependency>
        <Required type="26" schemaName="Environments Excused from Inventory" displayName="Environments Excused from Inventory" parentSchemaName="admin_environment" parentDisplayName="Environment" solution="CenterofExcellenceCoreComponents (4.15)" id="{3b3a70ce-a345-ed11-bba1-0022482a4826}" />
        <Dependent type="80" schemaName="admin_PowerPlatformAdminView" displayName="Power Platform Admin View" />
      </MissingDependency>
      <MissingDependency>
        <Required type="26" schemaName="Active Flows" displayName="Active Flows" parentSchemaName="admin_flow" parentDisplayName="Flow" solution="CenterofExcellenceCoreComponents (4.15)" id="{3b6d0cb9-b36d-4ac9-a5c4-3ff2fdd92c89}" />
        <Dependent type="80" schemaName="admin_PowerPlatformAdminView" displayName="Power Platform Admin View" />
      </MissingDependency>
      <MissingDependency>
        <Required type="26" schemaName="Power Apps Portal Associated View" displayName="Power Apps Portal Associated View" parentSchemaName="admin_portal" parentDisplayName="Power Pages Site" solution="CenterofExcellenceCoreComponents (4.15)" id="{402a3310-1497-405d-803c-480afeca5a4c}" />
        <Dependent type="80" schemaName="admin_PowerPlatformAdminView" displayName="Power Platform Admin View" />
      </MissingDependency>
      <MissingDependency>
        <Required type="26" schemaName="All Makers" displayName="All Makers" parentSchemaName="admin_maker" parentDisplayName="Maker" solution="CenterofExcellenceCoreComponents (4.15)" id="{42965611-2005-4167-b766-eb540f0a2dde}" />
        <Dependent type="80" schemaName="admin_PowerPlatformAdminView" displayName="Power Platform Admin View" />
      </MissingDependency>
      <MissingDependency>
        <Required type="26" schemaName="Active PowerApps App Approval BPF" displayName="Active PowerApps App Approval BPF" parentSchemaName="new_bpf_ffa183a676d64ec9aee6a558129651a2" parentDisplayName="PowerApps App Approval BPF" solution="CenterofExcellenceCoreComponents (4.15)" id="{4a5af3ae-1b2c-4c66-a404-f77b3cfb33e9}" />
        <Dependent type="80" schemaName="admin_PowerPlatformAdminView" displayName="Power Platform Admin View" />
      </MissingDependency>
      <MissingDependency>
        <Required type="26" schemaName="Administration Mode" displayName="Administration Mode" parentSchemaName="admin_environment" parentDisplayName="Environment" solution="CenterofExcellenceCoreComponents (4.15)" id="{58c18072-041c-ee11-8f6e-0022480819d7}" />
        <Dependent type="80" schemaName="admin_PowerPlatformAdminView" displayName="Power Platform Admin View" />
      </MissingDependency>
      <MissingDependency>
        <Required type="26" schemaName="Flows Subgrid View" displayName="Flows Subgrid View" parentSchemaName="admin_flow" parentDisplayName="Flow" solution="CenterofExcellenceCoreComponents (4.15)" id="{59e986b5-c270-e911-a833-000d3a375590}" />
        <Dependent type="80" schemaName="admin_PowerPlatformAdminView" displayName="Power Platform Admin View" />
      </MissingDependency>
      <MissingDependency>
        <Required type="26" schemaName="Active Environments" displayName="Active Environments" parentSchemaName="admin_environment" parentDisplayName="Environment" solution="CenterofExcellenceCoreComponents (4.15)" id="{5a4ff862-63ee-4b61-bf91-e15901265488}" />
        <Dependent type="80" schemaName="admin_PowerPlatformAdminView" displayName="Power Platform Admin View" />
      </MissingDependency>
      <MissingDependency>
        <Required type="26" schemaName="Custom AI Models" displayName="Custom AI Models" parentSchemaName="admin_aibuildermodel" parentDisplayName="AiBuilderModel" solution="CenterofExcellenceCoreComponents (4.15)" id="{5dc88d5a-b283-4513-97a1-2684feb5a243}" />
        <Dependent type="60" displayName="AIBuilderModel" parentDisplayName="Environment" id="{a3e45466-d2b0-ee11-a568-001dd80ad05f}" />
      </MissingDependency>
      <MissingDependency>
        <Required type="26" schemaName="Environments with code components" displayName="Environments with code components" parentSchemaName="admin_environment" parentDisplayName="Environment" solution="CenterofExcellenceCoreComponents (4.15)" id="{7970613a-0fc7-ed11-b597-0022480813ff}" />
        <Dependent type="80" schemaName="admin_PowerPlatformAdminView" displayName="Power Platform Admin View" />
      </MissingDependency>
      <MissingDependency>
        <Required type="26" schemaName="Deleted Custom Connectors" displayName="Deleted Custom Connectors" parentSchemaName="admin_connector" parentDisplayName="PowerApps Connector" solution="CenterofExcellenceCoreComponents (4.15)" id="{7f47c5bd-49bf-ed11-83ff-0022480819d7}" />
        <Dependent type="80" schemaName="admin_PowerPlatformAdminView" displayName="Power Platform Admin View" />
      </MissingDependency>
      <MissingDependency>
        <Required type="26" schemaName="Flows Excused from Archival Flows" displayName="Flows Excused from Archival Flows" parentSchemaName="admin_flow" parentDisplayName="Flow" solution="CenterofExcellenceCoreComponents (4.15)" id="{88e6d009-df60-eb11-a812-000d3a9a8a35}" />
        <Dependent type="80" schemaName="admin_PowerPlatformAdminView" displayName="Power Platform Admin View" />
      </MissingDependency>
      <MissingDependency>
        <Required type="26" schemaName="Power Apps Portal Lookup View" displayName="Power Apps Portal Lookup View" parentSchemaName="admin_portal" parentDisplayName="Power Pages Site" solution="CenterofExcellenceCoreComponents (4.15)" id="{8b834b5d-5651-4ef3-8d35-cd43cc36ff14}" />
        <Dependent type="80" schemaName="admin_PowerPlatformAdminView" displayName="Power Platform Admin View" />
      </MissingDependency>
      <MissingDependency>
        <Required type="26" schemaName="Custom Connectors - HTTP Host" displayName="Custom Connectors - HTTP Host" parentSchemaName="admin_connector" parentDisplayName="PowerApps Connector" solution="CenterofExcellenceCoreComponents (4.15)" id="{906641cc-87e7-ec11-bb3c-000d3a1446f2}" />
        <Dependent type="80" schemaName="admin_PowerPlatformAdminView" displayName="Power Platform Admin View" />
      </MissingDependency>
      <MissingDependency>
        <Required type="26" schemaName="Custom Connectors" displayName="Custom Connectors" parentSchemaName="admin_connector" parentDisplayName="PowerApps Connector" solution="CenterofExcellenceCoreComponents (4.15)" id="{9c6f1dfe-a389-e911-a856-000d3a372932}" />
        <Dependent type="80" schemaName="admin_PowerPlatformAdminView" displayName="Power Platform Admin View" />
      </MissingDependency>
      <MissingDependency>
        <Required type="26" schemaName="Unpublished Flows" displayName="Unpublished Flows" parentSchemaName="admin_flow" parentDisplayName="Flow" solution="CenterofExcellenceCoreComponents (4.15)" id="{a05f46ad-6009-ee11-8f6e-0022480813ff}" />
        <Dependent type="80" schemaName="admin_PowerPlatformAdminView" displayName="Power Platform Admin View" />
      </MissingDependency>
      <MissingDependency>
        <Required type="26" schemaName="Cross Tenant Connection References" displayName="Cross Tenant Connection References" parentSchemaName="admin_connectionreferenceidentity" parentDisplayName="Connection Reference Identity" solution="CenterofExcellenceCoreComponents (4.15)" id="{ac0aeadf-0ad2-ec11-a7b5-002248250ae2}" />
        <Dependent type="80" schemaName="admin_PowerPlatformAdminView" displayName="Power Platform Admin View" />
      </MissingDependency>
      <MissingDependency>
        <Required type="26" schemaName="Service Principle Makers" displayName="Service Principle Makers" parentSchemaName="admin_maker" parentDisplayName="Maker" solution="CenterofExcellenceCoreComponents (4.15)" id="{adcbb158-4d75-ec11-8943-0022481e54b6}" />
        <Dependent type="80" schemaName="admin_PowerPlatformAdminView" displayName="Power Platform Admin View" />
      </MissingDependency>
      <MissingDependency>
        <Required type="26" schemaName="Compliance - Submitted" displayName="Compliance - Submitted" parentSchemaName="admin_connector" parentDisplayName="PowerApps Connector" solution="CenterofExcellenceCoreComponents (4.15)" id="{b12c179f-0636-ec11-b6e6-000d3a5577a2}" />
        <Dependent type="80" schemaName="admin_PowerPlatformAdminView" displayName="Power Platform Admin View" />
      </MissingDependency>
      <MissingDependency>
        <Required type="26" schemaName="Premium Connectors" displayName="Premium Connectors" parentSchemaName="admin_connector" parentDisplayName="PowerApps Connector" solution="CenterofExcellenceCoreComponents (4.15)" id="{b221c43f-e87c-eb11-a812-000d3a55f16b}" />
        <Dependent type="80" schemaName="admin_PowerPlatformAdminView" displayName="Power Platform Admin View" />
      </MissingDependency>
      <MissingDependency>
        <Required type="26" schemaName="Active Connectors" displayName="Active Connectors" parentSchemaName="admin_connector" parentDisplayName="PowerApps Connector" solution="CenterofExcellenceCoreComponents (4.15)" id="{b245d5d0-d025-41a9-9b66-30dd3bce898d}" />
        <Dependent type="80" schemaName="admin_PowerPlatformAdminView" displayName="Power Platform Admin View" />
      </MissingDependency>
      <MissingDependency>
        <Required type="26" schemaName="Disabled Background Operations" displayName="Disabled Background Operations" parentSchemaName="admin_environment" parentDisplayName="Environment" solution="CenterofExcellenceCoreComponents (4.15)" id="{b71f64a8-041c-ee11-8f6e-0022480819d7}" />
        <Dependent type="80" schemaName="admin_PowerPlatformAdminView" displayName="Power Platform Admin View" />
      </MissingDependency>
      <MissingDependency>
        <Required type="26" schemaName="Orphaned Makers" displayName="Orphaned Makers" parentSchemaName="admin_maker" parentDisplayName="Maker" solution="CenterofExcellenceCoreComponents (4.15)" id="{b7913b1d-4d75-ec11-8943-0022481e5708}" />
        <Dependent type="80" schemaName="admin_PowerPlatformAdminView" displayName="Power Platform Admin View" />
      </MissingDependency>
      <MissingDependency>
        <Required type="26" schemaName="Power Pages Sites" displayName="Power Pages Sites" parentSchemaName="admin_portal" parentDisplayName="Power Pages Site" solution="CenterofExcellenceCoreComponents (4.15)" id="{c63b99ef-865e-481a-9de9-e070fff4acb0}" />
        <Dependent type="80" schemaName="admin_PowerPlatformAdminView" displayName="Power Platform Admin View" />
      </MissingDependency>
      <MissingDependency>
        <Required type="26" schemaName="Compliance - Requested" displayName="Compliance - Requested" parentSchemaName="admin_flow" parentDisplayName="Flow" solution="CenterofExcellenceCoreComponents (4.15)" id="{ce3289c9-0536-ec11-b6e6-000d3a5577a2}" />
        <Dependent type="80" schemaName="admin_PowerPlatformAdminView" displayName="Power Platform Admin View" />
      </MissingDependency>
      <MissingDependency>
        <Required type="26" schemaName="Microsoft Teams Environment Review" displayName="Microsoft Teams Environment Review" parentSchemaName="admin_environment" parentDisplayName="Environment" solution="CenterofExcellenceCoreComponents (4.15)" id="{ddcf9381-5f23-eb11-a813-000d3a8c389b}" />
        <Dependent type="80" schemaName="admin_PowerPlatformAdminView" displayName="Power Platform Admin View" />
      </MissingDependency>
      <MissingDependency>
        <Required type="26" schemaName="Deleted Flows" displayName="Deleted Flows" parentSchemaName="admin_flow" parentDisplayName="Flow" solution="CenterofExcellenceCoreComponents (4.15)" id="{e36a37ee-48bf-ed11-83ff-0022480813ff}" />
        <Dependent type="80" schemaName="admin_PowerPlatformAdminView" displayName="Power Platform Admin View" />
      </MissingDependency>
      <MissingDependency>
        <Required type="26" schemaName="Template Flows" displayName="Template Flows" parentSchemaName="admin_flow" parentDisplayName="Flow" solution="CenterofExcellenceCoreComponents (4.15)" id="{e4683ee6-bf03-ed11-82e4-000d3a98db6c}" />
        <Dependent type="80" schemaName="admin_PowerPlatformAdminView" displayName="Power Platform Admin View" />
      </MissingDependency>
      <MissingDependency>
        <Required type="26" schemaName="Compliance - Submitted" displayName="Compliance - Submitted" parentSchemaName="admin_flow" parentDisplayName="Flow" solution="CenterofExcellenceCoreComponents (4.15)" id="{e638e4e1-0536-ec11-b6e6-000d3a5577a2}" />
        <Dependent type="80" schemaName="admin_PowerPlatformAdminView" displayName="Power Platform Admin View" />
      </MissingDependency>
      <MissingDependency>
        <Required type="26" schemaName="Managed Environments" displayName="Managed Environments" parentSchemaName="admin_environment" parentDisplayName="Environment" solution="CenterofExcellenceCoreComponents (4.15)" id="{e754de97-2b01-ed11-82e4-000d3a9d9809}" />
        <Dependent type="80" schemaName="admin_PowerPlatformAdminView" displayName="Power Platform Admin View" />
      </MissingDependency>
      <MissingDependency>
        <Required type="26" schemaName="Compliance - Completed" displayName="Compliance - Completed" parentSchemaName="admin_connector" parentDisplayName="PowerApps Connector" solution="CenterofExcellenceCoreComponents (4.15)" id="{f36f4696-0636-ec11-b6e6-000d3a5574a2}" />
        <Dependent type="80" schemaName="admin_PowerPlatformAdminView" displayName="Power Platform Admin View" />
      </MissingDependency>
      <MissingDependency>
        <Required type="26" schemaName="Active Connection Reference Identities" displayName="Active Connection Reference Identities" parentSchemaName="admin_connectionreferenceidentity" parentDisplayName="Connection Reference Identity" solution="CenterofExcellenceCoreComponents (4.15)" id="{fffb9515-5781-43f4-84ba-5da511fa8248}" />
        <Dependent type="80" schemaName="admin_PowerPlatformAdminView" displayName="Power Platform Admin View" />
      </MissingDependency>
      <MissingDependency>
        <Required type="29" displayName="Chatbot Approval BPF" solution="CenterofExcellenceCoreComponents (4.15)" id="{4d44fbe6-6ed0-463a-a73f-7175bce5185d}" />
        <Dependent type="80" schemaName="admin_PowerPlatformAdminView" displayName="Power Platform Admin View" />
      </MissingDependency>
      <MissingDependency>
        <Required type="29" displayName="Environment Approval BPF" solution="CenterofExcellenceCoreComponents (4.15)" id="{6cb36d96-1136-407b-b059-3f92b10f5009}" />
        <Dependent type="80" schemaName="admin_PowerPlatformAdminView" displayName="Power Platform Admin View" />
      </MissingDependency>
      <MissingDependency>
        <Required type="29" displayName="Custom Connecter Approval BPF" solution="CenterofExcellenceCoreComponents (4.15)" id="{8b849d98-38fe-4896-8dd6-e77119bce352}" />
        <Dependent type="80" schemaName="admin_PowerPlatformAdminView" displayName="Power Platform Admin View" />
      </MissingDependency>
      <MissingDependency>
        <Required type="29" displayName="Desktop Flow Approval BPF" solution="CenterofExcellenceCoreComponents (4.15)" id="{e0c1d313-25bb-ec11-983f-000d3a571551}" />
        <Dependent type="80" schemaName="admin_PowerPlatformAdminView" displayName="Power Platform Admin View" />
      </MissingDependency>
      <MissingDependency>
        <Required type="29" displayName="Flow Approval BPF" solution="CenterofExcellenceCoreComponents (4.15)" id="{fa72a048-f3b9-4f25-b97b-fca9c4b8f793}" />
        <Dependent type="80" schemaName="admin_PowerPlatformAdminView" displayName="Power Platform Admin View" />
      </MissingDependency>
      <MissingDependency>
        <Required type="29" displayName="PowerApps App Approval BPF" solution="CenterofExcellenceCoreComponents (4.15)" id="{ffa183a6-76d6-4ec9-aee6-a558129651a2}" />
        <Dependent type="80" schemaName="admin_PowerPlatformAdminView" displayName="Power Platform Admin View" />
      </MissingDependency>
      <MissingDependency>
        <Required type="59" schemaName="Environments" displayName="Environments" parentSchemaName="admin_environment" parentDisplayName="Environment" solution="CenterofExcellenceCoreComponents (4.15)" id="{cd098782-fa70-e911-a833-000d3a375590}" />
        <Dependent type="80" schemaName="admin_PowerPlatformAdminView" displayName="Power Platform Admin View" />
      </MissingDependency>
      <MissingDependency>
        <Required type="60" displayName="Main Flow Form" parentDisplayName="Flow" solution="CenterofExcellenceCoreComponents (4.15)" id="{1e9a3577-99f5-477a-82fd-736255a3ff9d}" />
        <Dependent type="80" schemaName="admin_PowerPlatformAdminView" displayName="Power Platform Admin View" />
      </MissingDependency>
      <MissingDependency>
        <Required type="60" displayName="Information" parentDisplayName="DLP Policy Change Request" solution="CenterofExcellenceCoreComponents (4.15)" id="{50c540ca-c51a-466d-9dc2-338f8c3cea15}" />
        <Dependent type="80" schemaName="admin_PowerPlatformAdminView" displayName="Power Platform Admin View" />
      </MissingDependency>
      <MissingDependency>
        <Required type="60" displayName="Information" parentDisplayName="Environment Addons" solution="CenterofExcellenceCoreComponents (4.15)" id="{532c5355-4487-44de-ba92-b47c61b5c008}" />
        <Dependent type="60" displayName="Information" parentDisplayName="Environment Addons" id="{532c5355-4487-44de-ba92-b47c61b5c008}" />
      </MissingDependency>
      <MissingDependency>
        <Required type="60" displayName="Main" parentDisplayName="Environment Creation Request" solution="CenterofExcellenceCoreComponents (4.15)" id="{548c008f-5a3d-409c-83cd-a5732f60a273}" />
        <Dependent type="80" schemaName="admin_PowerPlatformAdminView" displayName="Power Platform Admin View" />
      </MissingDependency>
      <MissingDependency>
        <Required type="60" displayName="Maker Main Form" parentDisplayName="Maker" solution="CenterofExcellenceCoreComponents (4.15)" id="{71bedd9f-c63c-4c83-9b38-48a77e6b9b79}" />
        <Dependent type="80" schemaName="admin_PowerPlatformAdminView" displayName="Power Platform Admin View" />
      </MissingDependency>
      <MissingDependency>
        <Required type="60" displayName="Information" parentDisplayName="Power Pages Site" solution="CenterofExcellenceCoreComponents (4.15)" id="{7a835b75-23b1-48d5-bd26-ea6221e75069}" />
        <Dependent type="80" schemaName="admin_PowerPlatformAdminView" displayName="Power Platform Admin View" />
      </MissingDependency>
      <MissingDependency>
        <Required type="60" displayName="Information" parentDisplayName="AiBuilderModel" solution="CenterofExcellenceCoreComponents (4.15)" id="{7dd4e82c-5470-467f-a3a0-2daf0d4dd0ab}" />
        <Dependent type="60" displayName="Information" parentDisplayName="AiBuilderModel" id="{7dd4e82c-5470-467f-a3a0-2daf0d4dd0ab}" />
      </MissingDependency>
      <MissingDependency>
        <Required type="60" displayName="Main Environment Form" parentDisplayName="Environment" solution="CenterofExcellenceCoreComponents (4.15)" id="{898bd883-98f4-4ee4-8221-29b1c39912ed}" />
        <Dependent type="80" schemaName="admin_PowerPlatformAdminView" displayName="Power Platform Admin View" />
      </MissingDependency>
      <MissingDependency>
        <Required type="60" displayName="Portal Main Form" parentDisplayName="Power Pages Site" solution="CenterofExcellenceCoreComponents (4.15)" id="{ab3491bb-34b8-4122-bf46-931b63519b82}" />
        <Dependent type="80" schemaName="admin_PowerPlatformAdminView" displayName="Power Platform Admin View" />
      </MissingDependency>
      <MissingDependency>
        <Required type="60" displayName="Power Virtual Agents Dashboard" solution="CenterofExcellenceCoreComponents (4.15)" id="{afc4003a-835c-ed11-9561-00224805c003}" />
        <Dependent type="80" schemaName="admin_PowerPlatformAdminView" displayName="Power Platform Admin View" />
      </MissingDependency>
      <MissingDependency>
        <Required type="60" displayName="Power Platform Dashboard" solution="CenterofExcellenceCoreComponents (4.15)" id="{cf839870-ff70-e911-a833-000d3a375590}" />
        <Dependent type="80" schemaName="admin_PowerPlatformAdminView" displayName="Power Platform Admin View" />
      </MissingDependency>
      <MissingDependency>
        <Required type="60" displayName="Information" parentDisplayName="PowerApps App Approval BPF" solution="CenterofExcellenceCoreComponents (4.15)" id="{e97c9a87-7493-477a-84ce-d20073f97185}" />
        <Dependent type="80" schemaName="admin_PowerPlatformAdminView" displayName="Power Platform Admin View" />
      </MissingDependency>
      <MissingDependency>
        <Required type="60" displayName="Information" parentDisplayName="CoE Connection Reference" solution="CenterofExcellenceCoreComponents (4.15)" id="{fcd2fe45-2777-406c-8394-d44f74237f86}" />
        <Dependent type="80" schemaName="admin_PowerPlatformAdminView" displayName="Power Platform Admin View" />
      </MissingDependency>
      <MissingDependency>
        <Required type="61" schemaName="admin_globeicon" displayName="admin_globeicon" solution="CenterofExcellenceCoreComponents (4.15)" />
        <Dependent type="1" schemaName="admin_environment" displayName="Environment" />
      </MissingDependency>
      <MissingDependency>
        <Required type="61" schemaName="msdyn_/Images/AppModule_Default_Icon.png" displayName="msdyn_/Images/AppModule_Default_Icon.png" solution="AppModuleWebResources (2.5)" />
        <Dependent type="80" schemaName="admin_PowerPlatformAdminView" displayName="Power Platform Admin View" />
      </MissingDependency>
      <MissingDependency>
        <Required type="62" schemaName="admin_PowerPlatformAdminView" solution="CenterofExcellenceCoreComponents (4.15)" />
        <Dependent type="80" schemaName="admin_PowerPlatformAdminView" displayName="Power Platform Admin View" />
      </MissingDependency>
      <MissingDependency>
        <Required type="80" schemaName="admin_PowerPlatformAdminView" displayName="Power Platform Admin View" solution="CenterofExcellenceCoreComponents (4.15)" />
        <Dependent type="80" schemaName="admin_PowerPlatformAdminView" displayName="Power Platform Admin View" />
      </MissingDependency>
      <MissingDependency>
        <Required type="AppElement" displayName="admin_admin_PowerPlatformAdminView_canvasappid_admin_deleteflowobject_eddf3" solution="CenterofExcellenceCoreComponents (4.15)" id.uniquename="admin_admin_PowerPlatformAdminView_canvasappid_admin_deleteflowobject_eddf3" />
        <Dependent type="AppElement" displayName="admin_admin_PowerPlatformAdminView_canvasappid_admin_deleteflowobject_eddf3" id.uniquename="admin_admin_PowerPlatformAdminView_canvasappid_admin_deleteflowobject_eddf3" />
      </MissingDependency>
      <MissingDependency>
        <Required type="AppElement" displayName="admin_admin_PowerPlatformAdminView_canvasappid_admin_emailappusers_a6c56" solution="CenterofExcellenceCoreComponents (4.15)" id.uniquename="admin_admin_PowerPlatformAdminView_canvasappid_admin_emailappusers_a6c56" />
        <Dependent type="AppElement" displayName="admin_admin_PowerPlatformAdminView_canvasappid_admin_emailappusers_a6c56" id.uniquename="admin_admin_PowerPlatformAdminView_canvasappid_admin_emailappusers_a6c56" />
      </MissingDependency>
      <MissingDependency>
        <Required type="AppElement" displayName="admin_admin_PowerPlatformAdminView_canvasappid_admin_emailflowusers_9b94b" solution="CenterofExcellenceCoreComponents (4.15)" id.uniquename="admin_admin_PowerPlatformAdminView_canvasappid_admin_emailflowusers_9b94b" />
        <Dependent type="AppElement" displayName="admin_admin_PowerPlatformAdminView_canvasappid_admin_emailflowusers_9b94b" id.uniquename="admin_admin_PowerPlatformAdminView_canvasappid_admin_emailflowusers_9b94b" />
      </MissingDependency>
      <MissingDependency>
        <Required type="AppElement" displayName="admin_admin_PowerPlatformAdminView_canvasappid_admin_managepermissions_bfe40" solution="CenterofExcellenceCoreComponents (4.15)" id.uniquename="admin_admin_PowerPlatformAdminView_canvasappid_admin_managepermissions_bfe40" />
        <Dependent type="AppElement" displayName="admin_admin_PowerPlatformAdminView_canvasappid_admin_managepermissions_bfe40" id.uniquename="admin_admin_PowerPlatformAdminView_canvasappid_admin_managepermissions_bfe40" />
      </MissingDependency>
      <MissingDependency>
        <Required type="AppElement" displayName="admin_admin_PowerPlatformAdminView_canvasappid_admin_managepermissionsapp_93136" solution="CenterofExcellenceCoreComponents (4.15)" id.uniquename="admin_admin_PowerPlatformAdminView_canvasappid_admin_managepermissionsapp_93136" />
        <Dependent type="AppElement" displayName="admin_admin_PowerPlatformAdminView_canvasappid_admin_managepermissionsapp_93136" id.uniquename="admin_admin_PowerPlatformAdminView_canvasappid_admin_managepermissionsapp_93136" />
      </MissingDependency>
      <MissingDependency>
        <Required type="AppElement" displayName="admin_admin_PowerPlatformAdminView_canvasappid_admin_powerplatformadminviewdefaultcommandlibrary_07392" solution="CenterofExcellenceCoreComponents (4.15)" id.uniquename="admin_admin_PowerPlatformAdminView_canvasappid_admin_powerplatformadminviewdefaultcommandlibrary_07392" />
        <Dependent type="AppElement" displayName="admin_admin_PowerPlatformAdminView_canvasappid_admin_powerplatformadminviewdefaultcommandlibrary_07392" id.uniquename="admin_admin_PowerPlatformAdminView_canvasappid_admin_powerplatformadminviewdefaultcommandlibrary_07392" />
      </MissingDependency>
      <MissingDependency>
        <Required type="AppElement" displayName="admin_admin_PowerPlatformAdminView_canvasappid_admin_ppadminviewaibuilderusers_45b58" solution="CenterofExcellenceCoreComponents (4.15)" id.uniquename="admin_admin_PowerPlatformAdminView_canvasappid_admin_ppadminviewaibuilderusers_45b58" />
        <Dependent type="AppElement" displayName="admin_admin_PowerPlatformAdminView_canvasappid_admin_ppadminviewaibuilderusers_45b58" id.uniquename="admin_admin_PowerPlatformAdminView_canvasappid_admin_ppadminviewaibuilderusers_45b58" />
      </MissingDependency>
      <MissingDependency>
        <Required type="AppElement" displayName="admin_admin_PowerPlatformAdminView_canvasappid_admin_ppadminviewbpfusers_84235" solution="CenterofExcellenceCoreComponents (4.15)" id.uniquename="admin_admin_PowerPlatformAdminView_canvasappid_admin_ppadminviewbpfusers_84235" />
        <Dependent type="AppElement" displayName="admin_admin_PowerPlatformAdminView_canvasappid_admin_ppadminviewbpfusers_84235" id.uniquename="admin_admin_PowerPlatformAdminView_canvasappid_admin_ppadminviewbpfusers_84235" />
      </MissingDependency>
      <MissingDependency>
        <Required type="AppElement" displayName="admin_admin_PowerPlatformAdminView_canvasappid_admin_ppadminviewdeleteobjectapp_01080" solution="CenterofExcellenceCoreComponents (4.15)" id.uniquename="admin_admin_PowerPlatformAdminView_canvasappid_admin_ppadminviewdeleteobjectapp_01080" />
        <Dependent type="AppElement" displayName="admin_admin_PowerPlatformAdminView_canvasappid_admin_ppadminviewdeleteobjectapp_01080" id.uniquename="admin_admin_PowerPlatformAdminView_canvasappid_admin_ppadminviewdeleteobjectapp_01080" />
      </MissingDependency>
      <MissingDependency>
        <Required type="AppElement" displayName="admin_admin_PowerPlatformAdminView_canvasappid_admin_ppadminviewemailbotusers_66e1a" solution="CenterofExcellenceCoreComponents (4.15)" id.uniquename="admin_admin_PowerPlatformAdminView_canvasappid_admin_ppadminviewemailbotusers_66e1a" />
        <Dependent type="AppElement" displayName="admin_admin_PowerPlatformAdminView_canvasappid_admin_ppadminviewemailbotusers_66e1a" id.uniquename="admin_admin_PowerPlatformAdminView_canvasappid_admin_ppadminviewemailbotusers_66e1a" />
      </MissingDependency>
      <MissingDependency>
        <Required type="AppElement" displayName="admin_admin_PowerPlatformAdminView_canvasappid_admin_ppadminviewemailchatbotusers_fc54a" solution="CenterofExcellenceCoreComponents (4.15)" id.uniquename="admin_admin_PowerPlatformAdminView_canvasappid_admin_ppadminviewemailchatbotusers_fc54a" />
        <Dependent type="AppElement" displayName="admin_admin_PowerPlatformAdminView_canvasappid_admin_ppadminviewemailchatbotusers_fc54a" id.uniquename="admin_admin_PowerPlatformAdminView_canvasappid_admin_ppadminviewemailchatbotusers_fc54a" />
      </MissingDependency>
      <MissingDependency>
        <Required type="AppElement" displayName="admin_admin_PowerPlatformAdminView_canvasappid_admin_ppadminviewemailcustomconnectorusers_4c340" solution="CenterofExcellenceCoreComponents (4.15)" id.uniquename="admin_admin_PowerPlatformAdminView_canvasappid_admin_ppadminviewemailcustomconnectorusers_4c340" />
        <Dependent type="AppElement" displayName="admin_admin_PowerPlatformAdminView_canvasappid_admin_ppadminviewemailcustomconnectorusers_4c340" id.uniquename="admin_admin_PowerPlatformAdminView_canvasappid_admin_ppadminviewemailcustomconnectorusers_4c340" />
      </MissingDependency>
      <MissingDependency>
        <Required type="AppElement" displayName="admin_admin_PowerPlatformAdminView_canvasappid_admin_ppadminviewemailenvironmentusers_43ee2" solution="CenterofExcellenceCoreComponents (4.15)" id.uniquename="admin_admin_PowerPlatformAdminView_canvasappid_admin_ppadminviewemailenvironmentusers_43ee2" />
        <Dependent type="AppElement" displayName="admin_admin_PowerPlatformAdminView_canvasappid_admin_ppadminviewemailenvironmentusers_43ee2" id.uniquename="admin_admin_PowerPlatformAdminView_canvasappid_admin_ppadminviewemailenvironmentusers_43ee2" />
      </MissingDependency>
      <MissingDependency>
        <Required type="AppElement" displayName="admin_admin_PowerPlatformAdminView_canvasappid_admin_ppadminviewemailmakers_bc561" solution="CenterofExcellenceCoreComponents (4.15)" id.uniquename="admin_admin_PowerPlatformAdminView_canvasappid_admin_ppadminviewemailmakers_bc561" />
        <Dependent type="AppElement" displayName="admin_admin_PowerPlatformAdminView_canvasappid_admin_ppadminviewemailmakers_bc561" id.uniquename="admin_admin_PowerPlatformAdminView_canvasappid_admin_ppadminviewemailmakers_bc561" />
      </MissingDependency>
      <MissingDependency>
        <Required type="AppElement" displayName="admin_admin_PowerPlatformAdminView_canvasappid_admin_ppadminviewemailpowerpagesusers_7133c" solution="CenterofExcellenceCoreComponents (4.15)" id.uniquename="admin_admin_PowerPlatformAdminView_canvasappid_admin_ppadminviewemailpowerpagesusers_7133c" />
        <Dependent type="AppElement" displayName="admin_admin_PowerPlatformAdminView_canvasappid_admin_ppadminviewemailpowerpagesusers_7133c" id.uniquename="admin_admin_PowerPlatformAdminView_canvasappid_admin_ppadminviewemailpowerpagesusers_7133c" />
      </MissingDependency>
      <MissingDependency>
        <Required type="AppElement" displayName="admin_admin_PowerPlatformAdminView_canvasappid_admin_ppadminviewquarantineapp_be8d8" solution="CenterofExcellenceCoreComponents (4.15)" id.uniquename="admin_admin_PowerPlatformAdminView_canvasappid_admin_ppadminviewquarantineapp_be8d8" />
        <Dependent type="AppElement" displayName="admin_admin_PowerPlatformAdminView_canvasappid_admin_ppadminviewquarantineapp_be8d8" id.uniquename="admin_admin_PowerPlatformAdminView_canvasappid_admin_ppadminviewquarantineapp_be8d8" />
      </MissingDependency>
      <MissingDependency>
        <Required type="AppElement" displayName="admin_admin_PowerPlatformAdminView_canvasappid_admin_ppadminviewsolutionsusers_e1c9b" solution="CenterofExcellenceCoreComponents (4.15)" id.uniquename="admin_admin_PowerPlatformAdminView_canvasappid_admin_ppadminviewsolutionsusers_e1c9b" />
        <Dependent type="AppElement" displayName="admin_admin_PowerPlatformAdminView_canvasappid_admin_ppadminviewsolutionsusers_e1c9b" id.uniquename="admin_admin_PowerPlatformAdminView_canvasappid_admin_ppadminviewsolutionsusers_e1c9b" />
      </MissingDependency>
      <MissingDependency>
        <Required type="AppElement" displayName="admin_admin_PowerPlatformAdminView_canvasappid_admin_ppadminviewstartflow_e0f91" solution="CenterofExcellenceCoreComponents (4.15)" id.uniquename="admin_admin_PowerPlatformAdminView_canvasappid_admin_ppadminviewstartflow_e0f91" />
        <Dependent type="AppElement" displayName="admin_admin_PowerPlatformAdminView_canvasappid_admin_ppadminviewstartflow_e0f91" id.uniquename="admin_admin_PowerPlatformAdminView_canvasappid_admin_ppadminviewstartflow_e0f91" />
      </MissingDependency>
      <MissingDependency>
        <Required type="AppElement" displayName="admin_admin_PowerPlatformAdminView_canvasappid_admin_ppadminviewstopflow_17a00" solution="CenterofExcellenceCoreComponents (4.15)" id.uniquename="admin_admin_PowerPlatformAdminView_canvasappid_admin_ppadminviewstopflow_17a00" />
        <Dependent type="AppElement" displayName="admin_admin_PowerPlatformAdminView_canvasappid_admin_ppadminviewstopflow_17a00" id.uniquename="admin_admin_PowerPlatformAdminView_canvasappid_admin_ppadminviewstopflow_17a00" />
      </MissingDependency>
      <MissingDependency>
        <Required type="AppElement" displayName="admin_admin_PowerPlatformAdminView_canvasappid_admin_ppadminviewunquarantineapp_93313" solution="CenterofExcellenceCoreComponents (4.15)" id.uniquename="admin_admin_PowerPlatformAdminView_canvasappid_admin_ppadminviewunquarantineapp_93313" />
        <Dependent type="AppElement" displayName="admin_admin_PowerPlatformAdminView_canvasappid_admin_ppadminviewunquarantineapp_93313" id.uniquename="admin_admin_PowerPlatformAdminView_canvasappid_admin_ppadminviewunquarantineapp_93313" />
      </MissingDependency>
      <MissingDependency>
        <Required type="connectionreference" displayName="admin_CoEGovDataverseLegacy" solution="CenterofExcellenceAuditComponents (3.12)" id.connectionreferencelogicalname="admin_CoEGovDataverseLegacy" />
        <Dependent type="29" displayName="AI Builder Consumption Tenant Update" id="{d8606a15-79ae-ee11-a568-001dd80ad82d}" />
      </MissingDependency>
      <MissingDependency>
        <Required type="connectionreference" displayName="veh_sharedcommondataserviceforapps_b7b95" solution="Active" id.connectionreferencelogicalname="veh_sharedcommondataserviceforapps_b7b95" />
        <Dependent type="29" displayName="AI Builder Consumption Tenant Update" id="{d8606a15-79ae-ee11-a568-001dd80ad82d}" />
      </MissingDependency>
    </MissingDependencies>
  </SolutionManifest>
</ImportExportXml>