{
  "properties": {
    "connectionReferences": {
      "shared_commondataserviceforapps": {
        "runtimeSource": "embedded",
        "connection": {
          "connectionReferenceLogicalName": "veh_sharedcommondataserviceforapps_b7b95"
        },
        "api": {
          "name": "shared_commondataserviceforapps"
        }
      },
      "shared_commondataservice": {
        "runtimeSource": "embedded",
        "connection": {
          "connectionReferenceLogicalName": "admin_CoEGovDataverseLegacy"
        },
        "api": {
          "name": "shared_commondataservice"
        }
      }
    },
    "definition": {
      "$schema": "https://schema.management.azure.com/providers/Microsoft.Logic/schemas/2016-06-01/workflowdefinition.json#",
      "contentVersion": "1.0.0.0",
      "parameters": {
        "$connections": {
          "defaultValue": {},
          "type": "Object"
        },
        "$authentication": {
          "defaultValue": {},
          "type": "SecureObject"
        }
      },
      "triggers": {
        "Recurrence": {
          "recurrence": {
            "frequency": "Day",
            "interval": 1
          },
          "metadata": {
            "operationMetadataId": "1d528e87-8e3f-4666-ba84-256e44f88a4f"
          },
          "type": "Recurrence"
        }
      },
      "actions": {
        "Initialize_variable_MONTH_START": {
          "runAfter": {},
          "metadata": {
            "operationMetadataId": "71972cf5-14ae-49f3-b863-11bc1912fff4"
          },
          "type": "InitializeVariable",
          "inputs": {
            "variables": [
              {
                "name": "MONTH_START",
                "type": "string",
                "value": "@{formatDateTime(startOfMonth(utcNow()),'yyyy-MM-dd')}"
              }
            ]
          }
        },
        "Initialize_variable_ENV_CREDITS_CONSUMED": {
          "runAfter": {
            "Initialize_variable_MONTH_START": [
              "Succeeded"
            ]
          },
          "metadata": {
            "operationMetadataId": "b526f46d-5a6e-4f6c-88c9-a168dc68a9c5"
          },
          "type": "InitializeVariable",
          "inputs": {
            "variables": [
              {
                "name": "ENV_CREDITS_CONSUMED",
                "type": "integer",
                "value": 0
              }
            ]
          }
        },
        "List_rows_Environments": {
          "runAfter": {
            "Initialize_variable_AIModelsTableGetFailed": [
              "Succeeded"
            ]
          },
          "metadata": {
            "operationMetadataId": "183d76cc-2d29-4726-970d-5eab4b689e03"
          },
          "type": "OpenApiConnection",
          "inputs": {
            "host": {
              "connectionName": "shared_commondataserviceforapps",
              "operationId": "ListRecords",
              "apiId": "/providers/Microsoft.PowerApps/apis/shared_commondataserviceforapps"
            },
            "parameters": {
              "entityName": "admin_environments",
              "fetchXml": "<fetch version=\"1.0\" output-format=\"xml-platform\" mapping=\"logical\" distinct=\"false\" >\n    <entity name=\"admin_environment\" >\n        <attribute name=\"admin_displayname\" />\n        <attribute name=\"admin_environmentid\" />\n        <attribute name=\"admin_environmentname\" />\n        <attribute name=\"admin_environmentcdsinstanceurl\" />\n        <filter type=\"and\" >\n            <condition attribute=\"statecode\" operator=\"eq\" value=\"0\" />\n            <condition attribute=\"admin_environmentdeleted\" operator=\"eq\" value=\"0\" />\n            <condition attribute=\"admin_excusefrominventory\" operator=\"eq\" value=\"0\" />\n        </filter>\n    </entity>\n</fetch>"
            },
            "authentication": "@parameters('$authentication')"
          },
          "description": "Get Environments: Active and Not Excused from Inventory and Not Deleted",
          "operationOptions": "DisableAutomaticDecompression",
          "runtimeConfiguration": {
            "paginationPolicy": {
              "minimumItemCount": 100
            }
          }
        },
        "Apply_to_each_Environment": {
          "foreach": "@outputs('List_rows_Environments')?['body/value']",
          "actions": {
            "Compose_2_Display_Name": {
              "runAfter": {},
              "metadata": {
                "operationMetadataId": "2ea2e034-6bf3-4626-8536-33e0f10d342f"
              },
              "type": "Compose",
              "inputs": "@items('Apply_to_each_Environment')?['admin_displayname']"
            },
            "List_rows_(legacy)_AI_Models": {
              "runAfter": {
                "Set_variable_2_AIModelsTableGetFailed_false_(reset)": [
                  "Succeeded"
                ]
              },
              "metadata": {
                "operationMetadataId": "e439eaa3-51d3-4031-94aa-7f0b09b84e97"
              },
              "type": "OpenApiConnection",
              "inputs": {
                "host": {
                  "connectionName": "shared_commondataservice",
                  "operationId": "GetItems_V2",
                  "apiId": "/providers/Microsoft.PowerApps/apis/shared_commondataservice"
                },
                "parameters": {
                  "dataset": "@items('Apply_to_each_Environment')?['admin_environmentcdsinstanceurl']",
                  "table": "msdyn_aimodels"
                },
                "authentication": "@parameters('$authentication')"
              }
            },
            "Set_variable_AIModelsTableGetFailed_true": {
              "runAfter": {
                "List_rows_(legacy)_AI_Models": [
                  "Failed"
                ]
              },
              "metadata": {
                "operationMetadataId": "0c2c151e-7127-44da-9c0f-bc1741bc1ef1"
              },
              "type": "SetVariable",
              "inputs": {
                "name": "AIModelsTableGetFailed",
                "value": "@true"
              }
            },
            "Condition_if_AIBuilderTableGetFailed": {
              "actions": {},
              "runAfter": {
                "Set_variable_AIModelsTableGetFailed_true": [
                  "Skipped",
                  "Succeeded"
                ]
              },
              "else": {
                "actions": {
                  "Apply_to_each_AI_Model": {
                    "foreach": "@outputs('List_rows_(legacy)_AI_Models')?['body/value']",
                    "actions": {
                      "List_rows_(legacy)__AI_Events": {
                        "runAfter": {},
                        "metadata": {
                          "operationMetadataId": "d7467aef-28fe-4195-9bc9-e1743cf9c7b2"
                        },
                        "type": "OpenApiConnection",
                        "inputs": {
                          "host": {
                            "connectionName": "shared_commondataservice",
                            "operationId": "GetItems_V2",
                            "apiId": "/providers/Microsoft.PowerApps/apis/shared_commondataservice"
                          },
                          "parameters": {
                            "dataset": "@items('Apply_to_each_Environment')?['admin_environmentcdsinstanceurl']",
                            "table": "msdyn_aievents",
                            "$filter": "msdyn_processingdate gt '@{variables('MONTH_START')}' and _msdyn_aimodelid_value eq '@{items('Apply_to_each_AI_Model')?['msdyn_aimodelid']}'"
                          },
                          "authentication": "@parameters('$authentication')"
                        }
                      },
                      "Apply_to_each_AI_Events": {
                        "foreach": "@outputs('List_rows_(legacy)__AI_Events')?['body/value']",
                        "actions": {
                          "Increment_variable_MODEL_CREDITS_CONSUMED": {
                            "runAfter": {},
                            "metadata": {
                              "operationMetadataId": "3cf91108-c700-4995-9c86-f580c3d6447b"
                            },
                            "type": "IncrementVariable",
                            "inputs": {
                              "name": "MODEL_CREDITS_CONSUMED",
                              "value": "@items('Apply_to_each_AI_Events')?['msdyn_creditconsumed']"
                            }
                          }
                        },
                        "runAfter": {
                          "List_rows_(legacy)__AI_Events": [
                            "Succeeded"
                          ]
                        },
                        "metadata": {
                          "operationMetadataId": "2892c084-add8-4af5-aabf-d36a3829d3b6"
                        },
                        "type": "Foreach"
                      },
                      "Condition_If_Credits_Consumed_for_This_Model_for_This_Env": {
                        "actions": {
                          "Apply_to_each_AiBuilderModels": {
                            "foreach": "@outputs('List_rows_AiBuilderModels')?['body/value']",
                            "actions": {
                              "Update_a_row_AiBuilderModels": {
                                "runAfter": {},
                                "metadata": {
                                  "operationMetadataId": "bbd05e21-2f04-4956-89b0-68ff90950b2a"
                                },
                                "type": "OpenApiConnection",
                                "inputs": {
                                  "host": {
                                    "connectionName": "shared_commondataserviceforapps",
                                    "operationId": "UpdateRecord",
                                    "apiId": "/providers/Microsoft.PowerApps/apis/shared_commondataserviceforapps"
                                  },
                                  "parameters": {
                                    "entityName": "admin_aibuildermodels",
                                    "recordId": "@items('Apply_to_each_AiBuilderModels')?['admin_aibuildermodelid']",
                                    "item/veh_creditsconsumed": "@variables('MODEL_CREDITS_CONSUMED')",
                                    "item/veh_creditsconsumedlastupdated": "@utcNow()",
                                    "item/veh_creditsconsumedsince": "@variables('MONTH_START')"
                                  },
                                  "authentication": "@parameters('$authentication')"
                                }
                              }
                            },
                            "runAfter": {
                              "List_rows_AiBuilderModels": [
                                "Succeeded"
                              ]
                            },
                            "metadata": {
                              "operationMetadataId": "74b0c821-20d6-40d1-94ba-a345662046b8"
                            },
                            "type": "Foreach"
                          },
                          "List_rows_AiBuilderModels": {
                            "runAfter": {
                              "ComposeAIUniqueName": [
                                "Succeeded"
                              ]
                            },
                            "metadata": {
                              "operationMetadataId": "f5a20910-60a8-40cf-9349-fd8c2c05f4c5"
                            },
                            "type": "OpenApiConnection",
                            "inputs": {
                              "host": {
                                "connectionName": "shared_commondataserviceforapps",
                                "operationId": "ListRecords",
                                "apiId": "/providers/Microsoft.PowerApps/apis/shared_commondataserviceforapps"
                              },
                              "parameters": {
                                "entityName": "admin_aibuildermodels",
                                "$filter": "admin_aiuniquename eq '@{outputs('ComposeAIUniqueName')}'"
                              },
                              "authentication": "@parameters('$authentication')"
                            }
                          },
                          "ComposeAIUniqueName": {
                            "runAfter": {},
                            "metadata": {
                              "operationMetadataId": "62e88d93-e6d2-40ce-bbbc-556d46935270"
                            },
                            "type": "Compose",
                            "inputs": "@concat(items('Apply_to_each_Environment')?['admin_environmentname'],'_',items('Apply_to_each_AI_Model')?['msdyn_aimodelid'])"
                          },
                          "Reset_variable_Model_Credits_Consumed": {
                            "runAfter": {
                              "Increment_variable_ENV_CREDITS_CONSUMED": [
                                "Succeeded"
                              ]
                            },
                            "metadata": {
                              "operationMetadataId": "faab57c6-6ad9-40f5-999a-cbd86f756231"
                            },
                            "type": "SetVariable",
                            "inputs": {
                              "name": "MODEL_CREDITS_CONSUMED",
                              "value": 0
                            }
                          },
                          "Increment_variable_ENV_CREDITS_CONSUMED": {
                            "runAfter": {
                              "Apply_to_each_AiBuilderModels": [
                                "Succeeded"
                              ]
                            },
                            "metadata": {
                              "operationMetadataId": "e24e79f6-0502-4dba-aea3-4857a6100ddc"
                            },
                            "type": "IncrementVariable",
                            "inputs": {
                              "name": "ENV_CREDITS_CONSUMED",
                              "value": "@variables('MODEL_CREDITS_CONSUMED')"
                            }
                          }
                        },
                        "runAfter": {
                          "Apply_to_each_AI_Events": [
                            "Succeeded"
                          ]
                        },
                        "expression": {
                          "greater": [
                            "@variables('MODEL_CREDITS_CONSUMED')",
                            0
                          ]
                        },
                        "metadata": {
                          "operationMetadataId": "459e20b7-d22c-41b9-a6ae-e3ff1360a850"
                        },
                        "type": "If"
                      }
                    },
                    "runAfter": {},
                    "metadata": {
                      "operationMetadataId": "8bc7aae7-7150-4418-accb-eff02a413099"
                    },
                    "type": "Foreach"
                  },
                  "Condition_If_ENV_CREDITS_CONSUMED_greater_than_0": {
                    "actions": {
                      "Apply_to_each_Environment_Addons": {
                        "foreach": "@outputs('List_rows_Environment_Addons')?['body/value']",
                        "actions": {
                          "Update_a_row_Environment_Addons": {
                            "runAfter": {},
                            "metadata": {
                              "operationMetadataId": "3b7dfc0b-fcd2-42fa-a994-e8f3dafacfa8"
                            },
                            "type": "OpenApiConnection",
                            "inputs": {
                              "host": {
                                "connectionName": "shared_commondataserviceforapps",
                                "operationId": "UpdateRecord",
                                "apiId": "/providers/Microsoft.PowerApps/apis/shared_commondataserviceforapps"
                              },
                              "parameters": {
                                "entityName": "admin_environmentaddonses",
                                "recordId": "@items('Apply_to_each_Environment_Addons')?['admin_environmentaddonsid']",
                                "item/veh_calculatedactualconsumptionlastupdate": "@utcNow()",
                                "item/veh_calculatedactualconsumptionstartdate": "@variables('MONTH_START')",
                                "item/veh_calculatedactualconsumptionthismonth": "@variables('ENV_CREDITS_CONSUMED')"
                              },
                              "authentication": "@parameters('$authentication')"
                            }
                          }
                        },
                        "runAfter": {
                          "List_rows_Environment_Addons": [
                            "Succeeded"
                          ]
                        },
                        "metadata": {
                          "operationMetadataId": "303894a6-0a50-4b57-a76f-84218a7e5716"
                        },
                        "type": "Foreach"
                      },
                      "List_rows_Environment_Addons": {
                        "runAfter": {},
                        "metadata": {
                          "operationMetadataId": "788076aa-cd71-4a1c-9f90-ecd1ed3f2a3f"
                        },
                        "type": "OpenApiConnection",
                        "inputs": {
                          "host": {
                            "connectionName": "shared_commondataserviceforapps",
                            "operationId": "ListRecords",
                            "apiId": "/providers/Microsoft.PowerApps/apis/shared_commondataserviceforapps"
                          },
                          "parameters": {
                            "entityName": "admin_environmentaddonses",
                            "$filter": "admin_addontype eq 'AI' and _admin_environment_value eq '@{items('Apply_to_each_Environment')?['admin_environmentid']}'"
                          },
                          "authentication": "@parameters('$authentication')"
                        }
                      },
                      "Set_variable_Reset_ENV_CREDITS_CONSUMED": {
                        "runAfter": {
                          "Apply_to_each_Environment_Addons": [
                            "Succeeded"
                          ]
                        },
                        "metadata": {
                          "operationMetadataId": "bc69977c-2fa4-454c-bc9a-7c5e1f86e45d"
                        },
                        "type": "SetVariable",
                        "inputs": {
                          "name": "ENV_CREDITS_CONSUMED",
                          "value": 0
                        }
                      }
                    },
                    "runAfter": {
                      "Apply_to_each_AI_Model": [
                        "Succeeded"
                      ]
                    },
                    "expression": {
                      "greater": [
                        "@variables('ENV_CREDITS_CONSUMED')",
                        0
                      ]
                    },
                    "metadata": {
                      "operationMetadataId": "8546aa3b-91bb-4270-8348-6577bba49149"
                    },
                    "type": "If"
                  }
                }
              },
              "expression": {
                "equals": [
                  "@variables('AIModelsTableGetFailed')",
                  "@true"
                ]
              },
              "metadata": {
                "operationMetadataId": "f52d6659-c8b3-48af-af90-a0abff96fb13"
              },
              "type": "If"
            },
            "Set_variable_2_AIModelsTableGetFailed_false_(reset)": {
              "runAfter": {
                "Compose_2_Display_Name": [
                  "Succeeded"
                ]
              },
              "metadata": {
                "operationMetadataId": "7baece94-c1d1-48a4-8adc-edea76ed7823"
              },
              "type": "SetVariable",
              "inputs": {
                "name": "AIModelsTableGetFailed",
                "value": "@false"
              }
            }
          },
          "runAfter": {
            "List_rows_Environments": [
              "Succeeded"
            ]
          },
          "metadata": {
            "operationMetadataId": "52ff0c49-27fa-4460-93e7-3d8b5cedf983"
          },
          "type": "Foreach"
        },
        "Initialize_variable_MODEL_CREDITS_CONSUMED": {
          "runAfter": {
            "Initialize_variable_ENV_CREDITS_CONSUMED": [
              "Succeeded"
            ]
          },
          "metadata": {
            "operationMetadataId": "730e0584-9621-4423-ac34-5c72707344a2"
          },
          "type": "InitializeVariable",
          "inputs": {
            "variables": [
              {
                "name": "MODEL_CREDITS_CONSUMED",
                "type": "integer",
                "value": 0
              }
            ]
          }
        },
        "Initialize_variable_AIModelsTableGetFailed": {
          "runAfter": {
            "Initialize_variable_MODEL_CREDITS_CONSUMED": [
              "Succeeded"
            ]
          },
          "metadata": {
            "operationMetadataId": "a050b1e8-217e-44c1-95c4-0bf6313ba265"
          },
          "type": "InitializeVariable",
          "inputs": {
            "variables": [
              {
                "name": "AIModelsTableGetFailed",
                "type": "boolean",
                "value": "@false"
              }
            ]
          }
        }
      }
    },
    "templateName": ""
  },
  "schemaVersion": "1.0.0.0"
}